[2025-05-26T04:18:48.682716+00:00] vietiso.ERROR: Vietiso\Core\Http\Exception\MethodNotAllowedHttpException: Method Not Allowed in /var/www/html/core/Route/RouteDispacher.php:40
Stack trace:
#0 /var/www/html/core/Pipeline/Pipeline.php(33): Vietiso\Core\Route\RouteDispacher->Vietiso\Core\Route\{closure}()
#1 /var/www/html/core/Middleware/TransformsRequest.php(19): Vietiso\Core\Pipeline\Pipeline->Vietiso\Core\Pipeline\{closure}()
#2 /var/www/html/core/Pipeline/Pipeline.php(29): Vietiso\Core\Middleware\TransformsRequest->handle()
#3 /var/www/html/core/Middleware/TransformsRequest.php(19): Vietiso\Core\Pipeline\Pipeline->Vietiso\Core\Pipeline\{closure}()
#4 /var/www/html/core/Pipeline/Pipeline.php(29): Vietiso\Core\Middleware\TransformsRequest->handle()
#5 /var/www/html/core/Http/Middleware/HandleException.php(17): Vietiso\Core\Pipeline\Pipeline->Vietiso\Core\Pipeline\{closure}()
#6 /var/www/html/core/Pipeline/Pipeline.php(29): Vietiso\Core\Http\Middleware\HandleException->handle()
#7 /var/www/html/core/Middleware/HandleCors.php(15): Vietiso\Core\Pipeline\Pipeline->Vietiso\Core\Pipeline\{closure}()
#8 /var/www/html/core/Pipeline/Pipeline.php(29): Vietiso\Core\Middleware\HandleCors->handle()
#9 /var/www/html/core/Middleware/TrustProxies.php(49): Vietiso\Core\Pipeline\Pipeline->Vietiso\Core\Pipeline\{closure}()
#10 /var/www/html/core/Pipeline/Pipeline.php(29): Vietiso\Core\Middleware\TrustProxies->handle()
#11 /var/www/html/core/Pipeline/Pipeline.php(81): Vietiso\Core\Pipeline\Pipeline->Vietiso\Core\Pipeline\{closure}()
#12 /var/www/html/core/Route/RouteDispacher.php(70): Vietiso\Core\Pipeline\Pipeline->then()
#13 /var/www/html/core/Server/Events/RequestEvent.php(17): Vietiso\Core\Route\RouteDispacher->handle()
#14 [internal function]: Vietiso\Core\Server\Events\RequestEvent->handle()
#15 {main}  
[2025-05-26T04:22:12.525451+00:00] vietiso.ERROR: Vietiso\Core\ErrorHandler\Exception\DumperException in /var/www/html/core/functions.php:33
Stack trace:
#0 /var/www/html/modules/tour/src/Controllers/TourController.php(53): dd()
#1 /var/www/html/core/Route/RouteDispacher.php(51): Vietiso\Modules\Tour\Controllers\TourController->getAllItineraries()
#2 /var/www/html/core/Pipeline/Pipeline.php(33): Vietiso\Core\Route\RouteDispacher->Vietiso\Core\Route\{closure}()
#3 /var/www/html/core/Middleware/TransformsRequest.php(19): Vietiso\Core\Pipeline\Pipeline->Vietiso\Core\Pipeline\{closure}()
#4 /var/www/html/core/Pipeline/Pipeline.php(29): Vietiso\Core\Middleware\TransformsRequest->handle()
#5 /var/www/html/core/Middleware/TransformsRequest.php(19): Vietiso\Core\Pipeline\Pipeline->Vietiso\Core\Pipeline\{closure}()
#6 /var/www/html/core/Pipeline/Pipeline.php(29): Vietiso\Core\Middleware\TransformsRequest->handle()
#7 /var/www/html/core/Http/Middleware/HandleException.php(17): Vietiso\Core\Pipeline\Pipeline->Vietiso\Core\Pipeline\{closure}()
#8 /var/www/html/core/Pipeline/Pipeline.php(29): Vietiso\Core\Http\Middleware\HandleException->handle()
#9 /var/www/html/core/Middleware/HandleCors.php(15): Vietiso\Core\Pipeline\Pipeline->Vietiso\Core\Pipeline\{closure}()
#10 /var/www/html/core/Pipeline/Pipeline.php(29): Vietiso\Core\Middleware\HandleCors->handle()
#11 /var/www/html/core/Middleware/TrustProxies.php(49): Vietiso\Core\Pipeline\Pipeline->Vietiso\Core\Pipeline\{closure}()
#12 /var/www/html/core/Pipeline/Pipeline.php(29): Vietiso\Core\Middleware\TrustProxies->handle()
#13 /var/www/html/core/Pipeline/Pipeline.php(81): Vietiso\Core\Pipeline\Pipeline->Vietiso\Core\Pipeline\{closure}()
#14 /var/www/html/core/Route/RouteDispacher.php(70): Vietiso\Core\Pipeline\Pipeline->then()
#15 /var/www/html/core/Server/Events/RequestEvent.php(17): Vietiso\Core\Route\RouteDispacher->handle()
#16 [internal function]: Vietiso\Core\Server\Events\RequestEvent->handle()
#17 {main}  
[2025-05-26T04:22:52.418601+00:00] vietiso.ERROR: Vietiso\Core\ErrorHandler\Exception\DumperException in /var/www/html/core/functions.php:33
Stack trace:
#0 /var/www/html/modules/tour/src/Controllers/TourController.php(53): dd()
#1 /var/www/html/core/Route/RouteDispacher.php(51): Vietiso\Modules\Tour\Controllers\TourController->getAllItineraries()
#2 /var/www/html/core/Pipeline/Pipeline.php(33): Vietiso\Core\Route\RouteDispacher->Vietiso\Core\Route\{closure}()
#3 /var/www/html/core/Middleware/TransformsRequest.php(19): Vietiso\Core\Pipeline\Pipeline->Vietiso\Core\Pipeline\{closure}()
#4 /var/www/html/core/Pipeline/Pipeline.php(29): Vietiso\Core\Middleware\TransformsRequest->handle()
#5 /var/www/html/core/Middleware/TransformsRequest.php(19): Vietiso\Core\Pipeline\Pipeline->Vietiso\Core\Pipeline\{closure}()
#6 /var/www/html/core/Pipeline/Pipeline.php(29): Vietiso\Core\Middleware\TransformsRequest->handle()
#7 /var/www/html/core/Http/Middleware/HandleException.php(17): Vietiso\Core\Pipeline\Pipeline->Vietiso\Core\Pipeline\{closure}()
#8 /var/www/html/core/Pipeline/Pipeline.php(29): Vietiso\Core\Http\Middleware\HandleException->handle()
#9 /var/www/html/core/Middleware/HandleCors.php(15): Vietiso\Core\Pipeline\Pipeline->Vietiso\Core\Pipeline\{closure}()
#10 /var/www/html/core/Pipeline/Pipeline.php(29): Vietiso\Core\Middleware\HandleCors->handle()
#11 /var/www/html/core/Middleware/TrustProxies.php(49): Vietiso\Core\Pipeline\Pipeline->Vietiso\Core\Pipeline\{closure}()
#12 /var/www/html/core/Pipeline/Pipeline.php(29): Vietiso\Core\Middleware\TrustProxies->handle()
#13 /var/www/html/core/Pipeline/Pipeline.php(81): Vietiso\Core\Pipeline\Pipeline->Vietiso\Core\Pipeline\{closure}()
#14 /var/www/html/core/Route/RouteDispacher.php(70): Vietiso\Core\Pipeline\Pipeline->then()
#15 /var/www/html/core/Server/Events/RequestEvent.php(17): Vietiso\Core\Route\RouteDispacher->handle()
#16 [internal function]: Vietiso\Core\Server\Events\RequestEvent->handle()
#17 {main}  
[2025-05-26T04:22:58.438552+00:00] vietiso.ERROR: Vietiso\Core\Http\Exception\MethodNotAllowedHttpException: Method Not Allowed in /var/www/html/core/Route/RouteDispacher.php:40
Stack trace:
#0 /var/www/html/core/Pipeline/Pipeline.php(33): Vietiso\Core\Route\RouteDispacher->Vietiso\Core\Route\{closure}()
#1 /var/www/html/core/Middleware/TransformsRequest.php(19): Vietiso\Core\Pipeline\Pipeline->Vietiso\Core\Pipeline\{closure}()
#2 /var/www/html/core/Pipeline/Pipeline.php(29): Vietiso\Core\Middleware\TransformsRequest->handle()
#3 /var/www/html/core/Middleware/TransformsRequest.php(19): Vietiso\Core\Pipeline\Pipeline->Vietiso\Core\Pipeline\{closure}()
#4 /var/www/html/core/Pipeline/Pipeline.php(29): Vietiso\Core\Middleware\TransformsRequest->handle()
#5 /var/www/html/core/Http/Middleware/HandleException.php(17): Vietiso\Core\Pipeline\Pipeline->Vietiso\Core\Pipeline\{closure}()
#6 /var/www/html/core/Pipeline/Pipeline.php(29): Vietiso\Core\Http\Middleware\HandleException->handle()
#7 /var/www/html/core/Middleware/HandleCors.php(15): Vietiso\Core\Pipeline\Pipeline->Vietiso\Core\Pipeline\{closure}()
#8 /var/www/html/core/Pipeline/Pipeline.php(29): Vietiso\Core\Middleware\HandleCors->handle()
#9 /var/www/html/core/Middleware/TrustProxies.php(49): Vietiso\Core\Pipeline\Pipeline->Vietiso\Core\Pipeline\{closure}()
#10 /var/www/html/core/Pipeline/Pipeline.php(29): Vietiso\Core\Middleware\TrustProxies->handle()
#11 /var/www/html/core/Pipeline/Pipeline.php(81): Vietiso\Core\Pipeline\Pipeline->Vietiso\Core\Pipeline\{closure}()
#12 /var/www/html/core/Route/RouteDispacher.php(70): Vietiso\Core\Pipeline\Pipeline->then()
#13 /var/www/html/core/Server/Events/RequestEvent.php(17): Vietiso\Core\Route\RouteDispacher->handle()
#14 [internal function]: Vietiso\Core\Server\Events\RequestEvent->handle()
#15 {main}  
[2025-05-26T04:23:16.583013+00:00] vietiso.ERROR: Vietiso\Core\Http\Exception\MethodNotAllowedHttpException: Method Not Allowed in /var/www/html/core/Route/RouteDispacher.php:40
Stack trace:
#0 /var/www/html/core/Pipeline/Pipeline.php(33): Vietiso\Core\Route\RouteDispacher->Vietiso\Core\Route\{closure}()
#1 /var/www/html/core/Middleware/TransformsRequest.php(19): Vietiso\Core\Pipeline\Pipeline->Vietiso\Core\Pipeline\{closure}()
#2 /var/www/html/core/Pipeline/Pipeline.php(29): Vietiso\Core\Middleware\TransformsRequest->handle()
#3 /var/www/html/core/Middleware/TransformsRequest.php(19): Vietiso\Core\Pipeline\Pipeline->Vietiso\Core\Pipeline\{closure}()
#4 /var/www/html/core/Pipeline/Pipeline.php(29): Vietiso\Core\Middleware\TransformsRequest->handle()
#5 /var/www/html/core/Http/Middleware/HandleException.php(17): Vietiso\Core\Pipeline\Pipeline->Vietiso\Core\Pipeline\{closure}()
#6 /var/www/html/core/Pipeline/Pipeline.php(29): Vietiso\Core\Http\Middleware\HandleException->handle()
#7 /var/www/html/core/Middleware/HandleCors.php(15): Vietiso\Core\Pipeline\Pipeline->Vietiso\Core\Pipeline\{closure}()
#8 /var/www/html/core/Pipeline/Pipeline.php(29): Vietiso\Core\Middleware\HandleCors->handle()
#9 /var/www/html/core/Middleware/TrustProxies.php(49): Vietiso\Core\Pipeline\Pipeline->Vietiso\Core\Pipeline\{closure}()
#10 /var/www/html/core/Pipeline/Pipeline.php(29): Vietiso\Core\Middleware\TrustProxies->handle()
#11 /var/www/html/core/Pipeline/Pipeline.php(81): Vietiso\Core\Pipeline\Pipeline->Vietiso\Core\Pipeline\{closure}()
#12 /var/www/html/core/Route/RouteDispacher.php(70): Vietiso\Core\Pipeline\Pipeline->then()
#13 /var/www/html/core/Server/Events/RequestEvent.php(17): Vietiso\Core\Route\RouteDispacher->handle()
#14 [internal function]: Vietiso\Core\Server\Events\RequestEvent->handle()
#15 {main}  
[2025-05-26T04:24:07.360707+00:00] vietiso.ERROR: Vietiso\Core\Http\Exception\MethodNotAllowedHttpException: Method Not Allowed in /var/www/html/core/Route/RouteDispacher.php:40
Stack trace:
#0 /var/www/html/core/Pipeline/Pipeline.php(33): Vietiso\Core\Route\RouteDispacher->Vietiso\Core\Route\{closure}()
#1 /var/www/html/core/Middleware/TransformsRequest.php(19): Vietiso\Core\Pipeline\Pipeline->Vietiso\Core\Pipeline\{closure}()
#2 /var/www/html/core/Pipeline/Pipeline.php(29): Vietiso\Core\Middleware\TransformsRequest->handle()
#3 /var/www/html/core/Middleware/TransformsRequest.php(19): Vietiso\Core\Pipeline\Pipeline->Vietiso\Core\Pipeline\{closure}()
#4 /var/www/html/core/Pipeline/Pipeline.php(29): Vietiso\Core\Middleware\TransformsRequest->handle()
#5 /var/www/html/core/Http/Middleware/HandleException.php(17): Vietiso\Core\Pipeline\Pipeline->Vietiso\Core\Pipeline\{closure}()
#6 /var/www/html/core/Pipeline/Pipeline.php(29): Vietiso\Core\Http\Middleware\HandleException->handle()
#7 /var/www/html/core/Middleware/HandleCors.php(15): Vietiso\Core\Pipeline\Pipeline->Vietiso\Core\Pipeline\{closure}()
#8 /var/www/html/core/Pipeline/Pipeline.php(29): Vietiso\Core\Middleware\HandleCors->handle()
#9 /var/www/html/core/Middleware/TrustProxies.php(49): Vietiso\Core\Pipeline\Pipeline->Vietiso\Core\Pipeline\{closure}()
#10 /var/www/html/core/Pipeline/Pipeline.php(29): Vietiso\Core\Middleware\TrustProxies->handle()
#11 /var/www/html/core/Pipeline/Pipeline.php(81): Vietiso\Core\Pipeline\Pipeline->Vietiso\Core\Pipeline\{closure}()
#12 /var/www/html/core/Route/RouteDispacher.php(70): Vietiso\Core\Pipeline\Pipeline->then()
#13 /var/www/html/core/Server/Events/RequestEvent.php(17): Vietiso\Core\Route\RouteDispacher->handle()
#14 [internal function]: Vietiso\Core\Server\Events\RequestEvent->handle()
#15 {main}  
[2025-05-26T04:27:41.135593+00:00] vietiso.ERROR: Vietiso\Core\Http\Exception\MethodNotAllowedHttpException: Method Not Allowed in /var/www/html/core/Route/RouteDispacher.php:40
Stack trace:
#0 /var/www/html/core/Pipeline/Pipeline.php(33): Vietiso\Core\Route\RouteDispacher->Vietiso\Core\Route\{closure}()
#1 /var/www/html/core/Middleware/TransformsRequest.php(19): Vietiso\Core\Pipeline\Pipeline->Vietiso\Core\Pipeline\{closure}()
#2 /var/www/html/core/Pipeline/Pipeline.php(29): Vietiso\Core\Middleware\TransformsRequest->handle()
#3 /var/www/html/core/Middleware/TransformsRequest.php(19): Vietiso\Core\Pipeline\Pipeline->Vietiso\Core\Pipeline\{closure}()
#4 /var/www/html/core/Pipeline/Pipeline.php(29): Vietiso\Core\Middleware\TransformsRequest->handle()
#5 /var/www/html/core/Http/Middleware/HandleException.php(17): Vietiso\Core\Pipeline\Pipeline->Vietiso\Core\Pipeline\{closure}()
#6 /var/www/html/core/Pipeline/Pipeline.php(29): Vietiso\Core\Http\Middleware\HandleException->handle()
#7 /var/www/html/core/Middleware/HandleCors.php(15): Vietiso\Core\Pipeline\Pipeline->Vietiso\Core\Pipeline\{closure}()
#8 /var/www/html/core/Pipeline/Pipeline.php(29): Vietiso\Core\Middleware\HandleCors->handle()
#9 /var/www/html/core/Middleware/TrustProxies.php(49): Vietiso\Core\Pipeline\Pipeline->Vietiso\Core\Pipeline\{closure}()
#10 /var/www/html/core/Pipeline/Pipeline.php(29): Vietiso\Core\Middleware\TrustProxies->handle()
#11 /var/www/html/core/Pipeline/Pipeline.php(81): Vietiso\Core\Pipeline\Pipeline->Vietiso\Core\Pipeline\{closure}()
#12 /var/www/html/core/Route/RouteDispacher.php(70): Vietiso\Core\Pipeline\Pipeline->then()
#13 /var/www/html/core/Server/Events/RequestEvent.php(17): Vietiso\Core\Route\RouteDispacher->handle()
#14 [internal function]: Vietiso\Core\Server\Events\RequestEvent->handle()
#15 {main}  
[2025-05-26T04:28:23.587527+00:00] vietiso.ERROR: Vietiso\Core\ErrorHandler\Exception\DumperException in /var/www/html/core/functions.php:33
Stack trace:
#0 /var/www/html/modules/tour/src/Controllers/TourController.php(53): dd()
#1 /var/www/html/core/Route/RouteDispacher.php(51): Vietiso\Modules\Tour\Controllers\TourController->getAllItineraries()
#2 /var/www/html/core/Pipeline/Pipeline.php(33): Vietiso\Core\Route\RouteDispacher->Vietiso\Core\Route\{closure}()
#3 /var/www/html/core/Middleware/TransformsRequest.php(19): Vietiso\Core\Pipeline\Pipeline->Vietiso\Core\Pipeline\{closure}()
#4 /var/www/html/core/Pipeline/Pipeline.php(29): Vietiso\Core\Middleware\TransformsRequest->handle()
#5 /var/www/html/core/Middleware/TransformsRequest.php(19): Vietiso\Core\Pipeline\Pipeline->Vietiso\Core\Pipeline\{closure}()
#6 /var/www/html/core/Pipeline/Pipeline.php(29): Vietiso\Core\Middleware\TransformsRequest->handle()
#7 /var/www/html/core/Http/Middleware/HandleException.php(17): Vietiso\Core\Pipeline\Pipeline->Vietiso\Core\Pipeline\{closure}()
#8 /var/www/html/core/Pipeline/Pipeline.php(29): Vietiso\Core\Http\Middleware\HandleException->handle()
#9 /var/www/html/core/Middleware/HandleCors.php(15): Vietiso\Core\Pipeline\Pipeline->Vietiso\Core\Pipeline\{closure}()
#10 /var/www/html/core/Pipeline/Pipeline.php(29): Vietiso\Core\Middleware\HandleCors->handle()
#11 /var/www/html/core/Middleware/TrustProxies.php(49): Vietiso\Core\Pipeline\Pipeline->Vietiso\Core\Pipeline\{closure}()
#12 /var/www/html/core/Pipeline/Pipeline.php(29): Vietiso\Core\Middleware\TrustProxies->handle()
#13 /var/www/html/core/Pipeline/Pipeline.php(81): Vietiso\Core\Pipeline\Pipeline->Vietiso\Core\Pipeline\{closure}()
#14 /var/www/html/core/Route/RouteDispacher.php(70): Vietiso\Core\Pipeline\Pipeline->then()
#15 /var/www/html/core/Server/Events/RequestEvent.php(17): Vietiso\Core\Route\RouteDispacher->handle()
#16 [internal function]: Vietiso\Core\Server\Events\RequestEvent->handle()
#17 {main}  
[2025-05-26T04:28:57.887024+00:00] vietiso.ERROR: Vietiso\Core\Http\Exception\MethodNotAllowedHttpException: Method Not Allowed in /var/www/html/core/Route/RouteDispacher.php:40
Stack trace:
#0 /var/www/html/core/Pipeline/Pipeline.php(33): Vietiso\Core\Route\RouteDispacher->Vietiso\Core\Route\{closure}()
#1 /var/www/html/core/Middleware/TransformsRequest.php(19): Vietiso\Core\Pipeline\Pipeline->Vietiso\Core\Pipeline\{closure}()
#2 /var/www/html/core/Pipeline/Pipeline.php(29): Vietiso\Core\Middleware\TransformsRequest->handle()
#3 /var/www/html/core/Middleware/TransformsRequest.php(19): Vietiso\Core\Pipeline\Pipeline->Vietiso\Core\Pipeline\{closure}()
#4 /var/www/html/core/Pipeline/Pipeline.php(29): Vietiso\Core\Middleware\TransformsRequest->handle()
#5 /var/www/html/core/Http/Middleware/HandleException.php(17): Vietiso\Core\Pipeline\Pipeline->Vietiso\Core\Pipeline\{closure}()
#6 /var/www/html/core/Pipeline/Pipeline.php(29): Vietiso\Core\Http\Middleware\HandleException->handle()
#7 /var/www/html/core/Middleware/HandleCors.php(15): Vietiso\Core\Pipeline\Pipeline->Vietiso\Core\Pipeline\{closure}()
#8 /var/www/html/core/Pipeline/Pipeline.php(29): Vietiso\Core\Middleware\HandleCors->handle()
#9 /var/www/html/core/Middleware/TrustProxies.php(49): Vietiso\Core\Pipeline\Pipeline->Vietiso\Core\Pipeline\{closure}()
#10 /var/www/html/core/Pipeline/Pipeline.php(29): Vietiso\Core\Middleware\TrustProxies->handle()
#11 /var/www/html/core/Pipeline/Pipeline.php(81): Vietiso\Core\Pipeline\Pipeline->Vietiso\Core\Pipeline\{closure}()
#12 /var/www/html/core/Route/RouteDispacher.php(70): Vietiso\Core\Pipeline\Pipeline->then()
#13 /var/www/html/core/Server/Events/RequestEvent.php(17): Vietiso\Core\Route\RouteDispacher->handle()
#14 [internal function]: Vietiso\Core\Server\Events\RequestEvent->handle()
#15 {main}  
[2025-05-26T04:29:01.787004+00:00] vietiso.ERROR: Vietiso\Core\Http\Exception\MethodNotAllowedHttpException: Method Not Allowed in /var/www/html/core/Route/RouteDispacher.php:40
Stack trace:
#0 /var/www/html/core/Pipeline/Pipeline.php(33): Vietiso\Core\Route\RouteDispacher->Vietiso\Core\Route\{closure}()
#1 /var/www/html/core/Middleware/TransformsRequest.php(19): Vietiso\Core\Pipeline\Pipeline->Vietiso\Core\Pipeline\{closure}()
#2 /var/www/html/core/Pipeline/Pipeline.php(29): Vietiso\Core\Middleware\TransformsRequest->handle()
#3 /var/www/html/core/Middleware/TransformsRequest.php(19): Vietiso\Core\Pipeline\Pipeline->Vietiso\Core\Pipeline\{closure}()
#4 /var/www/html/core/Pipeline/Pipeline.php(29): Vietiso\Core\Middleware\TransformsRequest->handle()
#5 /var/www/html/core/Http/Middleware/HandleException.php(17): Vietiso\Core\Pipeline\Pipeline->Vietiso\Core\Pipeline\{closure}()
#6 /var/www/html/core/Pipeline/Pipeline.php(29): Vietiso\Core\Http\Middleware\HandleException->handle()
#7 /var/www/html/core/Middleware/HandleCors.php(15): Vietiso\Core\Pipeline\Pipeline->Vietiso\Core\Pipeline\{closure}()
#8 /var/www/html/core/Pipeline/Pipeline.php(29): Vietiso\Core\Middleware\HandleCors->handle()
#9 /var/www/html/core/Middleware/TrustProxies.php(49): Vietiso\Core\Pipeline\Pipeline->Vietiso\Core\Pipeline\{closure}()
#10 /var/www/html/core/Pipeline/Pipeline.php(29): Vietiso\Core\Middleware\TrustProxies->handle()
#11 /var/www/html/core/Pipeline/Pipeline.php(81): Vietiso\Core\Pipeline\Pipeline->Vietiso\Core\Pipeline\{closure}()
#12 /var/www/html/core/Route/RouteDispacher.php(70): Vietiso\Core\Pipeline\Pipeline->then()
#13 /var/www/html/core/Server/Events/RequestEvent.php(17): Vietiso\Core\Route\RouteDispacher->handle()
#14 [internal function]: Vietiso\Core\Server\Events\RequestEvent->handle()
#15 {main}  
[2025-05-26T04:31:11.775856+00:00] vietiso.ERROR: Vietiso\Core\ErrorHandler\Exception\DumperException in /var/www/html/core/functions.php:33
Stack trace:
#0 /var/www/html/modules/tour/src/Controllers/TourController.php(52): dd()
#1 /var/www/html/core/Route/RouteDispacher.php(51): Vietiso\Modules\Tour\Controllers\TourController->getAllItineraries()
#2 /var/www/html/core/Pipeline/Pipeline.php(33): Vietiso\Core\Route\RouteDispacher->Vietiso\Core\Route\{closure}()
#3 /var/www/html/core/Middleware/TransformsRequest.php(19): Vietiso\Core\Pipeline\Pipeline->Vietiso\Core\Pipeline\{closure}()
#4 /var/www/html/core/Pipeline/Pipeline.php(29): Vietiso\Core\Middleware\TransformsRequest->handle()
#5 /var/www/html/core/Middleware/TransformsRequest.php(19): Vietiso\Core\Pipeline\Pipeline->Vietiso\Core\Pipeline\{closure}()
#6 /var/www/html/core/Pipeline/Pipeline.php(29): Vietiso\Core\Middleware\TransformsRequest->handle()
#7 /var/www/html/core/Http/Middleware/HandleException.php(17): Vietiso\Core\Pipeline\Pipeline->Vietiso\Core\Pipeline\{closure}()
#8 /var/www/html/core/Pipeline/Pipeline.php(29): Vietiso\Core\Http\Middleware\HandleException->handle()
#9 /var/www/html/core/Middleware/HandleCors.php(15): Vietiso\Core\Pipeline\Pipeline->Vietiso\Core\Pipeline\{closure}()
#10 /var/www/html/core/Pipeline/Pipeline.php(29): Vietiso\Core\Middleware\HandleCors->handle()
#11 /var/www/html/core/Middleware/TrustProxies.php(49): Vietiso\Core\Pipeline\Pipeline->Vietiso\Core\Pipeline\{closure}()
#12 /var/www/html/core/Pipeline/Pipeline.php(29): Vietiso\Core\Middleware\TrustProxies->handle()
#13 /var/www/html/core/Pipeline/Pipeline.php(81): Vietiso\Core\Pipeline\Pipeline->Vietiso\Core\Pipeline\{closure}()
#14 /var/www/html/core/Route/RouteDispacher.php(70): Vietiso\Core\Pipeline\Pipeline->then()
#15 /var/www/html/core/Server/Events/RequestEvent.php(17): Vietiso\Core\Route\RouteDispacher->handle()
#16 [internal function]: Vietiso\Core\Server\Events\RequestEvent->handle()
#17 {main}  
[2025-05-26T04:31:37.696395+00:00] vietiso.ERROR: Vietiso\Core\ErrorHandler\Exception\DumperException in /var/www/html/core/functions.php:33
Stack trace:
#0 /var/www/html/modules/tour/src/Controllers/TourController.php(52): dd()
#1 /var/www/html/core/Route/RouteDispacher.php(51): Vietiso\Modules\Tour\Controllers\TourController->getAllItineraries()
#2 /var/www/html/core/Pipeline/Pipeline.php(33): Vietiso\Core\Route\RouteDispacher->Vietiso\Core\Route\{closure}()
#3 /var/www/html/core/Middleware/TransformsRequest.php(19): Vietiso\Core\Pipeline\Pipeline->Vietiso\Core\Pipeline\{closure}()
#4 /var/www/html/core/Pipeline/Pipeline.php(29): Vietiso\Core\Middleware\TransformsRequest->handle()
#5 /var/www/html/core/Middleware/TransformsRequest.php(19): Vietiso\Core\Pipeline\Pipeline->Vietiso\Core\Pipeline\{closure}()
#6 /var/www/html/core/Pipeline/Pipeline.php(29): Vietiso\Core\Middleware\TransformsRequest->handle()
#7 /var/www/html/core/Http/Middleware/HandleException.php(17): Vietiso\Core\Pipeline\Pipeline->Vietiso\Core\Pipeline\{closure}()
#8 /var/www/html/core/Pipeline/Pipeline.php(29): Vietiso\Core\Http\Middleware\HandleException->handle()
#9 /var/www/html/core/Middleware/HandleCors.php(15): Vietiso\Core\Pipeline\Pipeline->Vietiso\Core\Pipeline\{closure}()
#10 /var/www/html/core/Pipeline/Pipeline.php(29): Vietiso\Core\Middleware\HandleCors->handle()
#11 /var/www/html/core/Middleware/TrustProxies.php(49): Vietiso\Core\Pipeline\Pipeline->Vietiso\Core\Pipeline\{closure}()
#12 /var/www/html/core/Pipeline/Pipeline.php(29): Vietiso\Core\Middleware\TrustProxies->handle()
#13 /var/www/html/core/Pipeline/Pipeline.php(81): Vietiso\Core\Pipeline\Pipeline->Vietiso\Core\Pipeline\{closure}()
#14 /var/www/html/core/Route/RouteDispacher.php(70): Vietiso\Core\Pipeline\Pipeline->then()
#15 /var/www/html/core/Server/Events/RequestEvent.php(17): Vietiso\Core\Route\RouteDispacher->handle()
#16 [internal function]: Vietiso\Core\Server\Events\RequestEvent->handle()
#17 {main}  
[2025-05-26T04:31:56.780945+00:00] vietiso.ERROR: Vietiso\Core\ErrorHandler\Exception\DumperException in /var/www/html/core/functions.php:33
Stack trace:
#0 /var/www/html/modules/tour/src/Controllers/TourController.php(52): dd()
#1 /var/www/html/core/Route/RouteDispacher.php(51): Vietiso\Modules\Tour\Controllers\TourController->getAllItineraries()
#2 /var/www/html/core/Pipeline/Pipeline.php(33): Vietiso\Core\Route\RouteDispacher->Vietiso\Core\Route\{closure}()
#3 /var/www/html/core/Middleware/TransformsRequest.php(19): Vietiso\Core\Pipeline\Pipeline->Vietiso\Core\Pipeline\{closure}()
#4 /var/www/html/core/Pipeline/Pipeline.php(29): Vietiso\Core\Middleware\TransformsRequest->handle()
#5 /var/www/html/core/Middleware/TransformsRequest.php(19): Vietiso\Core\Pipeline\Pipeline->Vietiso\Core\Pipeline\{closure}()
#6 /var/www/html/core/Pipeline/Pipeline.php(29): Vietiso\Core\Middleware\TransformsRequest->handle()
#7 /var/www/html/core/Http/Middleware/HandleException.php(17): Vietiso\Core\Pipeline\Pipeline->Vietiso\Core\Pipeline\{closure}()
#8 /var/www/html/core/Pipeline/Pipeline.php(29): Vietiso\Core\Http\Middleware\HandleException->handle()
#9 /var/www/html/core/Middleware/HandleCors.php(15): Vietiso\Core\Pipeline\Pipeline->Vietiso\Core\Pipeline\{closure}()
#10 /var/www/html/core/Pipeline/Pipeline.php(29): Vietiso\Core\Middleware\HandleCors->handle()
#11 /var/www/html/core/Middleware/TrustProxies.php(49): Vietiso\Core\Pipeline\Pipeline->Vietiso\Core\Pipeline\{closure}()
#12 /var/www/html/core/Pipeline/Pipeline.php(29): Vietiso\Core\Middleware\TrustProxies->handle()
#13 /var/www/html/core/Pipeline/Pipeline.php(81): Vietiso\Core\Pipeline\Pipeline->Vietiso\Core\Pipeline\{closure}()
#14 /var/www/html/core/Route/RouteDispacher.php(70): Vietiso\Core\Pipeline\Pipeline->then()
#15 /var/www/html/core/Server/Events/RequestEvent.php(17): Vietiso\Core\Route\RouteDispacher->handle()
#16 [internal function]: Vietiso\Core\Server\Events\RequestEvent->handle()
#17 {main}  
[2025-05-26T04:32:16.552309+00:00] vietiso.ERROR: Vietiso\Core\ErrorHandler\Exception\DumperException in /var/www/html/core/functions.php:33
Stack trace:
#0 /var/www/html/modules/tour/src/Controllers/TourController.php(52): dd()
#1 /var/www/html/core/Route/RouteDispacher.php(51): Vietiso\Modules\Tour\Controllers\TourController->getAllItineraries()
#2 /var/www/html/core/Pipeline/Pipeline.php(33): Vietiso\Core\Route\RouteDispacher->Vietiso\Core\Route\{closure}()
#3 /var/www/html/core/Middleware/TransformsRequest.php(19): Vietiso\Core\Pipeline\Pipeline->Vietiso\Core\Pipeline\{closure}()
#4 /var/www/html/core/Pipeline/Pipeline.php(29): Vietiso\Core\Middleware\TransformsRequest->handle()
#5 /var/www/html/core/Middleware/TransformsRequest.php(19): Vietiso\Core\Pipeline\Pipeline->Vietiso\Core\Pipeline\{closure}()
#6 /var/www/html/core/Pipeline/Pipeline.php(29): Vietiso\Core\Middleware\TransformsRequest->handle()
#7 /var/www/html/core/Http/Middleware/HandleException.php(17): Vietiso\Core\Pipeline\Pipeline->Vietiso\Core\Pipeline\{closure}()
#8 /var/www/html/core/Pipeline/Pipeline.php(29): Vietiso\Core\Http\Middleware\HandleException->handle()
#9 /var/www/html/core/Middleware/HandleCors.php(15): Vietiso\Core\Pipeline\Pipeline->Vietiso\Core\Pipeline\{closure}()
#10 /var/www/html/core/Pipeline/Pipeline.php(29): Vietiso\Core\Middleware\HandleCors->handle()
#11 /var/www/html/core/Middleware/TrustProxies.php(49): Vietiso\Core\Pipeline\Pipeline->Vietiso\Core\Pipeline\{closure}()
#12 /var/www/html/core/Pipeline/Pipeline.php(29): Vietiso\Core\Middleware\TrustProxies->handle()
#13 /var/www/html/core/Pipeline/Pipeline.php(81): Vietiso\Core\Pipeline\Pipeline->Vietiso\Core\Pipeline\{closure}()
#14 /var/www/html/core/Route/RouteDispacher.php(70): Vietiso\Core\Pipeline\Pipeline->then()
#15 /var/www/html/core/Server/Events/RequestEvent.php(17): Vietiso\Core\Route\RouteDispacher->handle()
#16 [internal function]: Vietiso\Core\Server\Events\RequestEvent->handle()
#17 {main}  
[2025-05-26T04:33:35.541859+00:00] vietiso.ERROR: Vietiso\Core\Http\Exception\MethodNotAllowedHttpException: Method Not Allowed in /var/www/html/core/Route/RouteDispacher.php:40
Stack trace:
#0 /var/www/html/core/Pipeline/Pipeline.php(33): Vietiso\Core\Route\RouteDispacher->Vietiso\Core\Route\{closure}()
#1 /var/www/html/core/Middleware/TransformsRequest.php(19): Vietiso\Core\Pipeline\Pipeline->Vietiso\Core\Pipeline\{closure}()
#2 /var/www/html/core/Pipeline/Pipeline.php(29): Vietiso\Core\Middleware\TransformsRequest->handle()
#3 /var/www/html/core/Middleware/TransformsRequest.php(19): Vietiso\Core\Pipeline\Pipeline->Vietiso\Core\Pipeline\{closure}()
#4 /var/www/html/core/Pipeline/Pipeline.php(29): Vietiso\Core\Middleware\TransformsRequest->handle()
#5 /var/www/html/core/Http/Middleware/HandleException.php(17): Vietiso\Core\Pipeline\Pipeline->Vietiso\Core\Pipeline\{closure}()
#6 /var/www/html/core/Pipeline/Pipeline.php(29): Vietiso\Core\Http\Middleware\HandleException->handle()
#7 /var/www/html/core/Middleware/HandleCors.php(15): Vietiso\Core\Pipeline\Pipeline->Vietiso\Core\Pipeline\{closure}()
#8 /var/www/html/core/Pipeline/Pipeline.php(29): Vietiso\Core\Middleware\HandleCors->handle()
#9 /var/www/html/core/Middleware/TrustProxies.php(49): Vietiso\Core\Pipeline\Pipeline->Vietiso\Core\Pipeline\{closure}()
#10 /var/www/html/core/Pipeline/Pipeline.php(29): Vietiso\Core\Middleware\TrustProxies->handle()
#11 /var/www/html/core/Pipeline/Pipeline.php(81): Vietiso\Core\Pipeline\Pipeline->Vietiso\Core\Pipeline\{closure}()
#12 /var/www/html/core/Route/RouteDispacher.php(70): Vietiso\Core\Pipeline\Pipeline->then()
#13 /var/www/html/core/Server/Events/RequestEvent.php(17): Vietiso\Core\Route\RouteDispacher->handle()
#14 [internal function]: Vietiso\Core\Server\Events\RequestEvent->handle()
#15 {main}  
[2025-05-26T04:36:05.443550+00:00] vietiso.ERROR: Vietiso\Core\Http\Exception\MethodNotAllowedHttpException: Method Not Allowed in /var/www/html/core/Route/RouteDispacher.php:40
Stack trace:
#0 /var/www/html/core/Pipeline/Pipeline.php(33): Vietiso\Core\Route\RouteDispacher->Vietiso\Core\Route\{closure}()
#1 /var/www/html/core/Middleware/TransformsRequest.php(19): Vietiso\Core\Pipeline\Pipeline->Vietiso\Core\Pipeline\{closure}()
#2 /var/www/html/core/Pipeline/Pipeline.php(29): Vietiso\Core\Middleware\TransformsRequest->handle()
#3 /var/www/html/core/Middleware/TransformsRequest.php(19): Vietiso\Core\Pipeline\Pipeline->Vietiso\Core\Pipeline\{closure}()
#4 /var/www/html/core/Pipeline/Pipeline.php(29): Vietiso\Core\Middleware\TransformsRequest->handle()
#5 /var/www/html/core/Http/Middleware/HandleException.php(17): Vietiso\Core\Pipeline\Pipeline->Vietiso\Core\Pipeline\{closure}()
#6 /var/www/html/core/Pipeline/Pipeline.php(29): Vietiso\Core\Http\Middleware\HandleException->handle()
#7 /var/www/html/core/Middleware/HandleCors.php(15): Vietiso\Core\Pipeline\Pipeline->Vietiso\Core\Pipeline\{closure}()
#8 /var/www/html/core/Pipeline/Pipeline.php(29): Vietiso\Core\Middleware\HandleCors->handle()
#9 /var/www/html/core/Middleware/TrustProxies.php(49): Vietiso\Core\Pipeline\Pipeline->Vietiso\Core\Pipeline\{closure}()
#10 /var/www/html/core/Pipeline/Pipeline.php(29): Vietiso\Core\Middleware\TrustProxies->handle()
#11 /var/www/html/core/Pipeline/Pipeline.php(81): Vietiso\Core\Pipeline\Pipeline->Vietiso\Core\Pipeline\{closure}()
#12 /var/www/html/core/Route/RouteDispacher.php(70): Vietiso\Core\Pipeline\Pipeline->then()
#13 /var/www/html/core/Server/Events/RequestEvent.php(17): Vietiso\Core\Route\RouteDispacher->handle()
#14 [internal function]: Vietiso\Core\Server\Events\RequestEvent->handle()
#15 {main}  
[2025-05-26T04:38:20.676463+00:00] vietiso.ERROR: Vietiso\Core\ErrorHandler\Exception\DumperException in /var/www/html/core/functions.php:33
Stack trace:
#0 /var/www/html/modules/tour/src/Controllers/TourController.php(50): dd()
#1 /var/www/html/core/Route/RouteDispacher.php(51): Vietiso\Modules\Tour\Controllers\TourController->getAllItineraries()
#2 /var/www/html/core/Pipeline/Pipeline.php(33): Vietiso\Core\Route\RouteDispacher->Vietiso\Core\Route\{closure}()
#3 /var/www/html/core/Middleware/TransformsRequest.php(19): Vietiso\Core\Pipeline\Pipeline->Vietiso\Core\Pipeline\{closure}()
#4 /var/www/html/core/Pipeline/Pipeline.php(29): Vietiso\Core\Middleware\TransformsRequest->handle()
#5 /var/www/html/core/Middleware/TransformsRequest.php(19): Vietiso\Core\Pipeline\Pipeline->Vietiso\Core\Pipeline\{closure}()
#6 /var/www/html/core/Pipeline/Pipeline.php(29): Vietiso\Core\Middleware\TransformsRequest->handle()
#7 /var/www/html/core/Http/Middleware/HandleException.php(17): Vietiso\Core\Pipeline\Pipeline->Vietiso\Core\Pipeline\{closure}()
#8 /var/www/html/core/Pipeline/Pipeline.php(29): Vietiso\Core\Http\Middleware\HandleException->handle()
#9 /var/www/html/core/Middleware/HandleCors.php(15): Vietiso\Core\Pipeline\Pipeline->Vietiso\Core\Pipeline\{closure}()
#10 /var/www/html/core/Pipeline/Pipeline.php(29): Vietiso\Core\Middleware\HandleCors->handle()
#11 /var/www/html/core/Middleware/TrustProxies.php(49): Vietiso\Core\Pipeline\Pipeline->Vietiso\Core\Pipeline\{closure}()
#12 /var/www/html/core/Pipeline/Pipeline.php(29): Vietiso\Core\Middleware\TrustProxies->handle()
#13 /var/www/html/core/Pipeline/Pipeline.php(81): Vietiso\Core\Pipeline\Pipeline->Vietiso\Core\Pipeline\{closure}()
#14 /var/www/html/core/Route/RouteDispacher.php(70): Vietiso\Core\Pipeline\Pipeline->then()
#15 /var/www/html/core/Server/Events/RequestEvent.php(17): Vietiso\Core\Route\RouteDispacher->handle()
#16 [internal function]: Vietiso\Core\Server\Events\RequestEvent->handle()
#17 {main}  
[2025-05-26T04:39:33.289608+00:00] vietiso.ERROR: Vietiso\Core\ErrorHandler\Exception\DumperException in /var/www/html/core/functions.php:33
Stack trace:
#0 /var/www/html/modules/tour/src/Controllers/TourController.php(50): dd()
#1 /var/www/html/core/Route/RouteDispacher.php(51): Vietiso\Modules\Tour\Controllers\TourController->getAllItineraries()
#2 /var/www/html/core/Pipeline/Pipeline.php(33): Vietiso\Core\Route\RouteDispacher->Vietiso\Core\Route\{closure}()
#3 /var/www/html/core/Middleware/TransformsRequest.php(19): Vietiso\Core\Pipeline\Pipeline->Vietiso\Core\Pipeline\{closure}()
#4 /var/www/html/core/Pipeline/Pipeline.php(29): Vietiso\Core\Middleware\TransformsRequest->handle()
#5 /var/www/html/core/Middleware/TransformsRequest.php(19): Vietiso\Core\Pipeline\Pipeline->Vietiso\Core\Pipeline\{closure}()
#6 /var/www/html/core/Pipeline/Pipeline.php(29): Vietiso\Core\Middleware\TransformsRequest->handle()
#7 /var/www/html/core/Http/Middleware/HandleException.php(17): Vietiso\Core\Pipeline\Pipeline->Vietiso\Core\Pipeline\{closure}()
#8 /var/www/html/core/Pipeline/Pipeline.php(29): Vietiso\Core\Http\Middleware\HandleException->handle()
#9 /var/www/html/core/Middleware/HandleCors.php(15): Vietiso\Core\Pipeline\Pipeline->Vietiso\Core\Pipeline\{closure}()
#10 /var/www/html/core/Pipeline/Pipeline.php(29): Vietiso\Core\Middleware\HandleCors->handle()
#11 /var/www/html/core/Middleware/TrustProxies.php(49): Vietiso\Core\Pipeline\Pipeline->Vietiso\Core\Pipeline\{closure}()
#12 /var/www/html/core/Pipeline/Pipeline.php(29): Vietiso\Core\Middleware\TrustProxies->handle()
#13 /var/www/html/core/Pipeline/Pipeline.php(81): Vietiso\Core\Pipeline\Pipeline->Vietiso\Core\Pipeline\{closure}()
#14 /var/www/html/core/Route/RouteDispacher.php(70): Vietiso\Core\Pipeline\Pipeline->then()
#15 /var/www/html/core/Server/Events/RequestEvent.php(17): Vietiso\Core\Route\RouteDispacher->handle()
#16 [internal function]: Vietiso\Core\Server\Events\RequestEvent->handle()
#17 {main}  
[2025-05-26T04:39:40.955273+00:00] vietiso.ERROR: Vietiso\Core\ErrorHandler\Exception\DumperException in /var/www/html/core/functions.php:33
Stack trace:
#0 /var/www/html/modules/tour/src/Controllers/TourController.php(50): dd()
#1 /var/www/html/core/Route/RouteDispacher.php(51): Vietiso\Modules\Tour\Controllers\TourController->getAllItineraries()
#2 /var/www/html/core/Pipeline/Pipeline.php(33): Vietiso\Core\Route\RouteDispacher->Vietiso\Core\Route\{closure}()
#3 /var/www/html/core/Middleware/TransformsRequest.php(19): Vietiso\Core\Pipeline\Pipeline->Vietiso\Core\Pipeline\{closure}()
#4 /var/www/html/core/Pipeline/Pipeline.php(29): Vietiso\Core\Middleware\TransformsRequest->handle()
#5 /var/www/html/core/Middleware/TransformsRequest.php(19): Vietiso\Core\Pipeline\Pipeline->Vietiso\Core\Pipeline\{closure}()
#6 /var/www/html/core/Pipeline/Pipeline.php(29): Vietiso\Core\Middleware\TransformsRequest->handle()
#7 /var/www/html/core/Http/Middleware/HandleException.php(17): Vietiso\Core\Pipeline\Pipeline->Vietiso\Core\Pipeline\{closure}()
#8 /var/www/html/core/Pipeline/Pipeline.php(29): Vietiso\Core\Http\Middleware\HandleException->handle()
#9 /var/www/html/core/Middleware/HandleCors.php(15): Vietiso\Core\Pipeline\Pipeline->Vietiso\Core\Pipeline\{closure}()
#10 /var/www/html/core/Pipeline/Pipeline.php(29): Vietiso\Core\Middleware\HandleCors->handle()
#11 /var/www/html/core/Middleware/TrustProxies.php(49): Vietiso\Core\Pipeline\Pipeline->Vietiso\Core\Pipeline\{closure}()
#12 /var/www/html/core/Pipeline/Pipeline.php(29): Vietiso\Core\Middleware\TrustProxies->handle()
#13 /var/www/html/core/Pipeline/Pipeline.php(81): Vietiso\Core\Pipeline\Pipeline->Vietiso\Core\Pipeline\{closure}()
#14 /var/www/html/core/Route/RouteDispacher.php(70): Vietiso\Core\Pipeline\Pipeline->then()
#15 /var/www/html/core/Server/Events/RequestEvent.php(17): Vietiso\Core\Route\RouteDispacher->handle()
#16 [internal function]: Vietiso\Core\Server\Events\RequestEvent->handle()
#17 {main}  
[2025-05-26T04:39:53.281735+00:00] vietiso.ERROR: Vietiso\Core\ErrorHandler\Exception\DumperException in /var/www/html/core/functions.php:33
Stack trace:
#0 /var/www/html/modules/tour/src/Controllers/TourController.php(50): dd()
#1 /var/www/html/core/Route/RouteDispacher.php(51): Vietiso\Modules\Tour\Controllers\TourController->getAllItineraries()
#2 /var/www/html/core/Pipeline/Pipeline.php(33): Vietiso\Core\Route\RouteDispacher->Vietiso\Core\Route\{closure}()
#3 /var/www/html/core/Middleware/TransformsRequest.php(19): Vietiso\Core\Pipeline\Pipeline->Vietiso\Core\Pipeline\{closure}()
#4 /var/www/html/core/Pipeline/Pipeline.php(29): Vietiso\Core\Middleware\TransformsRequest->handle()
#5 /var/www/html/core/Middleware/TransformsRequest.php(19): Vietiso\Core\Pipeline\Pipeline->Vietiso\Core\Pipeline\{closure}()
#6 /var/www/html/core/Pipeline/Pipeline.php(29): Vietiso\Core\Middleware\TransformsRequest->handle()
#7 /var/www/html/core/Http/Middleware/HandleException.php(17): Vietiso\Core\Pipeline\Pipeline->Vietiso\Core\Pipeline\{closure}()
#8 /var/www/html/core/Pipeline/Pipeline.php(29): Vietiso\Core\Http\Middleware\HandleException->handle()
#9 /var/www/html/core/Middleware/HandleCors.php(15): Vietiso\Core\Pipeline\Pipeline->Vietiso\Core\Pipeline\{closure}()
#10 /var/www/html/core/Pipeline/Pipeline.php(29): Vietiso\Core\Middleware\HandleCors->handle()
#11 /var/www/html/core/Middleware/TrustProxies.php(49): Vietiso\Core\Pipeline\Pipeline->Vietiso\Core\Pipeline\{closure}()
#12 /var/www/html/core/Pipeline/Pipeline.php(29): Vietiso\Core\Middleware\TrustProxies->handle()
#13 /var/www/html/core/Pipeline/Pipeline.php(81): Vietiso\Core\Pipeline\Pipeline->Vietiso\Core\Pipeline\{closure}()
#14 /var/www/html/core/Route/RouteDispacher.php(70): Vietiso\Core\Pipeline\Pipeline->then()
#15 /var/www/html/core/Server/Events/RequestEvent.php(17): Vietiso\Core\Route\RouteDispacher->handle()
#16 [internal function]: Vietiso\Core\Server\Events\RequestEvent->handle()
#17 {main}  
[2025-05-26T04:39:56.423651+00:00] vietiso.ERROR: Vietiso\Core\ErrorHandler\Exception\DumperException in /var/www/html/core/functions.php:33
Stack trace:
#0 /var/www/html/modules/tour/src/Controllers/TourController.php(50): dd()
#1 /var/www/html/core/Route/RouteDispacher.php(51): Vietiso\Modules\Tour\Controllers\TourController->getAllItineraries()
#2 /var/www/html/core/Pipeline/Pipeline.php(33): Vietiso\Core\Route\RouteDispacher->Vietiso\Core\Route\{closure}()
#3 /var/www/html/core/Middleware/TransformsRequest.php(19): Vietiso\Core\Pipeline\Pipeline->Vietiso\Core\Pipeline\{closure}()
#4 /var/www/html/core/Pipeline/Pipeline.php(29): Vietiso\Core\Middleware\TransformsRequest->handle()
#5 /var/www/html/core/Middleware/TransformsRequest.php(19): Vietiso\Core\Pipeline\Pipeline->Vietiso\Core\Pipeline\{closure}()
#6 /var/www/html/core/Pipeline/Pipeline.php(29): Vietiso\Core\Middleware\TransformsRequest->handle()
#7 /var/www/html/core/Http/Middleware/HandleException.php(17): Vietiso\Core\Pipeline\Pipeline->Vietiso\Core\Pipeline\{closure}()
#8 /var/www/html/core/Pipeline/Pipeline.php(29): Vietiso\Core\Http\Middleware\HandleException->handle()
#9 /var/www/html/core/Middleware/HandleCors.php(15): Vietiso\Core\Pipeline\Pipeline->Vietiso\Core\Pipeline\{closure}()
#10 /var/www/html/core/Pipeline/Pipeline.php(29): Vietiso\Core\Middleware\HandleCors->handle()
#11 /var/www/html/core/Middleware/TrustProxies.php(49): Vietiso\Core\Pipeline\Pipeline->Vietiso\Core\Pipeline\{closure}()
#12 /var/www/html/core/Pipeline/Pipeline.php(29): Vietiso\Core\Middleware\TrustProxies->handle()
#13 /var/www/html/core/Pipeline/Pipeline.php(81): Vietiso\Core\Pipeline\Pipeline->Vietiso\Core\Pipeline\{closure}()
#14 /var/www/html/core/Route/RouteDispacher.php(70): Vietiso\Core\Pipeline\Pipeline->then()
#15 /var/www/html/core/Server/Events/RequestEvent.php(17): Vietiso\Core\Route\RouteDispacher->handle()
#16 [internal function]: Vietiso\Core\Server\Events\RequestEvent->handle()
#17 {main}  
[2025-05-26T04:40:24.795401+00:00] vietiso.ERROR: Vietiso\Core\ErrorHandler\Exception\DumperException in /var/www/html/core/functions.php:33
Stack trace:
#0 /var/www/html/modules/tour/src/Controllers/TourController.php(50): dd()
#1 /var/www/html/core/Route/RouteDispacher.php(51): Vietiso\Modules\Tour\Controllers\TourController->getAllItineraries()
#2 /var/www/html/core/Pipeline/Pipeline.php(33): Vietiso\Core\Route\RouteDispacher->Vietiso\Core\Route\{closure}()
#3 /var/www/html/core/Middleware/TransformsRequest.php(19): Vietiso\Core\Pipeline\Pipeline->Vietiso\Core\Pipeline\{closure}()
#4 /var/www/html/core/Pipeline/Pipeline.php(29): Vietiso\Core\Middleware\TransformsRequest->handle()
#5 /var/www/html/core/Middleware/TransformsRequest.php(19): Vietiso\Core\Pipeline\Pipeline->Vietiso\Core\Pipeline\{closure}()
#6 /var/www/html/core/Pipeline/Pipeline.php(29): Vietiso\Core\Middleware\TransformsRequest->handle()
#7 /var/www/html/core/Http/Middleware/HandleException.php(17): Vietiso\Core\Pipeline\Pipeline->Vietiso\Core\Pipeline\{closure}()
#8 /var/www/html/core/Pipeline/Pipeline.php(29): Vietiso\Core\Http\Middleware\HandleException->handle()
#9 /var/www/html/core/Middleware/HandleCors.php(15): Vietiso\Core\Pipeline\Pipeline->Vietiso\Core\Pipeline\{closure}()
#10 /var/www/html/core/Pipeline/Pipeline.php(29): Vietiso\Core\Middleware\HandleCors->handle()
#11 /var/www/html/core/Middleware/TrustProxies.php(49): Vietiso\Core\Pipeline\Pipeline->Vietiso\Core\Pipeline\{closure}()
#12 /var/www/html/core/Pipeline/Pipeline.php(29): Vietiso\Core\Middleware\TrustProxies->handle()
#13 /var/www/html/core/Pipeline/Pipeline.php(81): Vietiso\Core\Pipeline\Pipeline->Vietiso\Core\Pipeline\{closure}()
#14 /var/www/html/core/Route/RouteDispacher.php(70): Vietiso\Core\Pipeline\Pipeline->then()
#15 /var/www/html/core/Server/Events/RequestEvent.php(17): Vietiso\Core\Route\RouteDispacher->handle()
#16 [internal function]: Vietiso\Core\Server\Events\RequestEvent->handle()
#17 {main}  
[2025-05-26T04:40:50.262755+00:00] vietiso.ERROR: Vietiso\Core\ErrorHandler\Exception\DumperException in /var/www/html/core/functions.php:33
Stack trace:
#0 /var/www/html/modules/tour/src/Controllers/TourController.php(51): dd()
#1 /var/www/html/core/Route/RouteDispacher.php(51): Vietiso\Modules\Tour\Controllers\TourController->getAllItineraries()
#2 /var/www/html/core/Pipeline/Pipeline.php(33): Vietiso\Core\Route\RouteDispacher->Vietiso\Core\Route\{closure}()
#3 /var/www/html/core/Middleware/TransformsRequest.php(19): Vietiso\Core\Pipeline\Pipeline->Vietiso\Core\Pipeline\{closure}()
#4 /var/www/html/core/Pipeline/Pipeline.php(29): Vietiso\Core\Middleware\TransformsRequest->handle()
#5 /var/www/html/core/Middleware/TransformsRequest.php(19): Vietiso\Core\Pipeline\Pipeline->Vietiso\Core\Pipeline\{closure}()
#6 /var/www/html/core/Pipeline/Pipeline.php(29): Vietiso\Core\Middleware\TransformsRequest->handle()
#7 /var/www/html/core/Http/Middleware/HandleException.php(17): Vietiso\Core\Pipeline\Pipeline->Vietiso\Core\Pipeline\{closure}()
#8 /var/www/html/core/Pipeline/Pipeline.php(29): Vietiso\Core\Http\Middleware\HandleException->handle()
#9 /var/www/html/core/Middleware/HandleCors.php(15): Vietiso\Core\Pipeline\Pipeline->Vietiso\Core\Pipeline\{closure}()
#10 /var/www/html/core/Pipeline/Pipeline.php(29): Vietiso\Core\Middleware\HandleCors->handle()
#11 /var/www/html/core/Middleware/TrustProxies.php(49): Vietiso\Core\Pipeline\Pipeline->Vietiso\Core\Pipeline\{closure}()
#12 /var/www/html/core/Pipeline/Pipeline.php(29): Vietiso\Core\Middleware\TrustProxies->handle()
#13 /var/www/html/core/Pipeline/Pipeline.php(81): Vietiso\Core\Pipeline\Pipeline->Vietiso\Core\Pipeline\{closure}()
#14 /var/www/html/core/Route/RouteDispacher.php(70): Vietiso\Core\Pipeline\Pipeline->then()
#15 /var/www/html/core/Server/Events/RequestEvent.php(17): Vietiso\Core\Route\RouteDispacher->handle()
#16 [internal function]: Vietiso\Core\Server\Events\RequestEvent->handle()
#17 {main}  
[2025-05-26T04:41:04.776628+00:00] vietiso.ERROR: Vietiso\Core\ErrorHandler\Exception\DumperException in /var/www/html/core/functions.php:33
Stack trace:
#0 /var/www/html/modules/tour/src/Controllers/TourController.php(51): dd()
#1 /var/www/html/core/Route/RouteDispacher.php(51): Vietiso\Modules\Tour\Controllers\TourController->getAllItineraries()
#2 /var/www/html/core/Pipeline/Pipeline.php(33): Vietiso\Core\Route\RouteDispacher->Vietiso\Core\Route\{closure}()
#3 /var/www/html/core/Middleware/TransformsRequest.php(19): Vietiso\Core\Pipeline\Pipeline->Vietiso\Core\Pipeline\{closure}()
#4 /var/www/html/core/Pipeline/Pipeline.php(29): Vietiso\Core\Middleware\TransformsRequest->handle()
#5 /var/www/html/core/Middleware/TransformsRequest.php(19): Vietiso\Core\Pipeline\Pipeline->Vietiso\Core\Pipeline\{closure}()
#6 /var/www/html/core/Pipeline/Pipeline.php(29): Vietiso\Core\Middleware\TransformsRequest->handle()
#7 /var/www/html/core/Http/Middleware/HandleException.php(17): Vietiso\Core\Pipeline\Pipeline->Vietiso\Core\Pipeline\{closure}()
#8 /var/www/html/core/Pipeline/Pipeline.php(29): Vietiso\Core\Http\Middleware\HandleException->handle()
#9 /var/www/html/core/Middleware/HandleCors.php(15): Vietiso\Core\Pipeline\Pipeline->Vietiso\Core\Pipeline\{closure}()
#10 /var/www/html/core/Pipeline/Pipeline.php(29): Vietiso\Core\Middleware\HandleCors->handle()
#11 /var/www/html/core/Middleware/TrustProxies.php(49): Vietiso\Core\Pipeline\Pipeline->Vietiso\Core\Pipeline\{closure}()
#12 /var/www/html/core/Pipeline/Pipeline.php(29): Vietiso\Core\Middleware\TrustProxies->handle()
#13 /var/www/html/core/Pipeline/Pipeline.php(81): Vietiso\Core\Pipeline\Pipeline->Vietiso\Core\Pipeline\{closure}()
#14 /var/www/html/core/Route/RouteDispacher.php(70): Vietiso\Core\Pipeline\Pipeline->then()
#15 /var/www/html/core/Server/Events/RequestEvent.php(17): Vietiso\Core\Route\RouteDispacher->handle()
#16 [internal function]: Vietiso\Core\Server\Events\RequestEvent->handle()
#17 {main}  
[2025-05-26T04:50:03.851470+00:00] vietiso.ERROR: Vietiso\Core\ErrorHandler\Exception\DumperException in /var/www/html/core/functions.php:33
Stack trace:
#0 /var/www/html/modules/tour/src/Controllers/TourController.php(51): dd()
#1 /var/www/html/core/Route/RouteDispacher.php(51): Vietiso\Modules\Tour\Controllers\TourController->getAllItineraries()
#2 /var/www/html/core/Pipeline/Pipeline.php(33): Vietiso\Core\Route\RouteDispacher->Vietiso\Core\Route\{closure}()
#3 /var/www/html/core/Middleware/TransformsRequest.php(19): Vietiso\Core\Pipeline\Pipeline->Vietiso\Core\Pipeline\{closure}()
#4 /var/www/html/core/Pipeline/Pipeline.php(29): Vietiso\Core\Middleware\TransformsRequest->handle()
#5 /var/www/html/core/Middleware/TransformsRequest.php(19): Vietiso\Core\Pipeline\Pipeline->Vietiso\Core\Pipeline\{closure}()
#6 /var/www/html/core/Pipeline/Pipeline.php(29): Vietiso\Core\Middleware\TransformsRequest->handle()
#7 /var/www/html/core/Http/Middleware/HandleException.php(17): Vietiso\Core\Pipeline\Pipeline->Vietiso\Core\Pipeline\{closure}()
#8 /var/www/html/core/Pipeline/Pipeline.php(29): Vietiso\Core\Http\Middleware\HandleException->handle()
#9 /var/www/html/core/Middleware/HandleCors.php(15): Vietiso\Core\Pipeline\Pipeline->Vietiso\Core\Pipeline\{closure}()
#10 /var/www/html/core/Pipeline/Pipeline.php(29): Vietiso\Core\Middleware\HandleCors->handle()
#11 /var/www/html/core/Middleware/TrustProxies.php(49): Vietiso\Core\Pipeline\Pipeline->Vietiso\Core\Pipeline\{closure}()
#12 /var/www/html/core/Pipeline/Pipeline.php(29): Vietiso\Core\Middleware\TrustProxies->handle()
#13 /var/www/html/core/Pipeline/Pipeline.php(81): Vietiso\Core\Pipeline\Pipeline->Vietiso\Core\Pipeline\{closure}()
#14 /var/www/html/core/Route/RouteDispacher.php(70): Vietiso\Core\Pipeline\Pipeline->then()
#15 /var/www/html/core/Server/Events/RequestEvent.php(17): Vietiso\Core\Route\RouteDispacher->handle()
#16 [internal function]: Vietiso\Core\Server\Events\RequestEvent->handle()
#17 {main}  
[2025-05-26T07:12:41.791043+00:00] vietiso.ERROR: Vietiso\Core\ErrorHandler\Exception\DumperException in /var/www/html/core/functions.php:33
Stack trace:
#0 /var/www/html/modules/tour/src/Controllers/TourController.php(51): dd()
#1 /var/www/html/core/Route/RouteDispacher.php(51): Vietiso\Modules\Tour\Controllers\TourController->getAllItineraries()
#2 /var/www/html/core/Pipeline/Pipeline.php(33): Vietiso\Core\Route\RouteDispacher->Vietiso\Core\Route\{closure}()
#3 /var/www/html/core/Middleware/TransformsRequest.php(19): Vietiso\Core\Pipeline\Pipeline->Vietiso\Core\Pipeline\{closure}()
#4 /var/www/html/core/Pipeline/Pipeline.php(29): Vietiso\Core\Middleware\TransformsRequest->handle()
#5 /var/www/html/core/Middleware/TransformsRequest.php(19): Vietiso\Core\Pipeline\Pipeline->Vietiso\Core\Pipeline\{closure}()
#6 /var/www/html/core/Pipeline/Pipeline.php(29): Vietiso\Core\Middleware\TransformsRequest->handle()
#7 /var/www/html/core/Http/Middleware/HandleException.php(17): Vietiso\Core\Pipeline\Pipeline->Vietiso\Core\Pipeline\{closure}()
#8 /var/www/html/core/Pipeline/Pipeline.php(29): Vietiso\Core\Http\Middleware\HandleException->handle()
#9 /var/www/html/core/Middleware/HandleCors.php(15): Vietiso\Core\Pipeline\Pipeline->Vietiso\Core\Pipeline\{closure}()
#10 /var/www/html/core/Pipeline/Pipeline.php(29): Vietiso\Core\Middleware\HandleCors->handle()
#11 /var/www/html/core/Middleware/TrustProxies.php(49): Vietiso\Core\Pipeline\Pipeline->Vietiso\Core\Pipeline\{closure}()
#12 /var/www/html/core/Pipeline/Pipeline.php(29): Vietiso\Core\Middleware\TrustProxies->handle()
#13 /var/www/html/core/Pipeline/Pipeline.php(81): Vietiso\Core\Pipeline\Pipeline->Vietiso\Core\Pipeline\{closure}()
#14 /var/www/html/core/Route/RouteDispacher.php(70): Vietiso\Core\Pipeline\Pipeline->then()
#15 /var/www/html/core/Server/Events/RequestEvent.php(17): Vietiso\Core\Route\RouteDispacher->handle()
#16 [internal function]: Vietiso\Core\Server\Events\RequestEvent->handle()
#17 {main}  
[2025-05-26T07:15:35.913878+00:00] vietiso.ERROR: Vietiso\Core\ErrorHandler\Exception\DumperException in /var/www/html/core/functions.php:33
Stack trace:
#0 /var/www/html/modules/tour/src/Controllers/TourController.php(51): dd()
#1 /var/www/html/core/Route/RouteDispacher.php(51): Vietiso\Modules\Tour\Controllers\TourController->getAllItineraries()
#2 /var/www/html/core/Pipeline/Pipeline.php(33): Vietiso\Core\Route\RouteDispacher->Vietiso\Core\Route\{closure}()
#3 /var/www/html/core/Middleware/TransformsRequest.php(19): Vietiso\Core\Pipeline\Pipeline->Vietiso\Core\Pipeline\{closure}()
#4 /var/www/html/core/Pipeline/Pipeline.php(29): Vietiso\Core\Middleware\TransformsRequest->handle()
#5 /var/www/html/core/Middleware/TransformsRequest.php(19): Vietiso\Core\Pipeline\Pipeline->Vietiso\Core\Pipeline\{closure}()
#6 /var/www/html/core/Pipeline/Pipeline.php(29): Vietiso\Core\Middleware\TransformsRequest->handle()
#7 /var/www/html/core/Http/Middleware/HandleException.php(17): Vietiso\Core\Pipeline\Pipeline->Vietiso\Core\Pipeline\{closure}()
#8 /var/www/html/core/Pipeline/Pipeline.php(29): Vietiso\Core\Http\Middleware\HandleException->handle()
#9 /var/www/html/core/Middleware/HandleCors.php(15): Vietiso\Core\Pipeline\Pipeline->Vietiso\Core\Pipeline\{closure}()
#10 /var/www/html/core/Pipeline/Pipeline.php(29): Vietiso\Core\Middleware\HandleCors->handle()
#11 /var/www/html/core/Middleware/TrustProxies.php(49): Vietiso\Core\Pipeline\Pipeline->Vietiso\Core\Pipeline\{closure}()
#12 /var/www/html/core/Pipeline/Pipeline.php(29): Vietiso\Core\Middleware\TrustProxies->handle()
#13 /var/www/html/core/Pipeline/Pipeline.php(81): Vietiso\Core\Pipeline\Pipeline->Vietiso\Core\Pipeline\{closure}()
#14 /var/www/html/core/Route/RouteDispacher.php(70): Vietiso\Core\Pipeline\Pipeline->then()
#15 /var/www/html/core/Server/Events/RequestEvent.php(17): Vietiso\Core\Route\RouteDispacher->handle()
#16 [internal function]: Vietiso\Core\Server\Events\RequestEvent->handle()
#17 {main}  
[2025-05-26T07:15:48.811736+00:00] vietiso.ERROR: Vietiso\Core\ErrorHandler\Exception\DumperException in /var/www/html/core/functions.php:33
Stack trace:
#0 /var/www/html/modules/tour/src/Controllers/TourController.php(51): dd()
#1 /var/www/html/core/Route/RouteDispacher.php(51): Vietiso\Modules\Tour\Controllers\TourController->getAllItineraries()
#2 /var/www/html/core/Pipeline/Pipeline.php(33): Vietiso\Core\Route\RouteDispacher->Vietiso\Core\Route\{closure}()
#3 /var/www/html/core/Middleware/TransformsRequest.php(19): Vietiso\Core\Pipeline\Pipeline->Vietiso\Core\Pipeline\{closure}()
#4 /var/www/html/core/Pipeline/Pipeline.php(29): Vietiso\Core\Middleware\TransformsRequest->handle()
#5 /var/www/html/core/Middleware/TransformsRequest.php(19): Vietiso\Core\Pipeline\Pipeline->Vietiso\Core\Pipeline\{closure}()
#6 /var/www/html/core/Pipeline/Pipeline.php(29): Vietiso\Core\Middleware\TransformsRequest->handle()
#7 /var/www/html/core/Http/Middleware/HandleException.php(17): Vietiso\Core\Pipeline\Pipeline->Vietiso\Core\Pipeline\{closure}()
#8 /var/www/html/core/Pipeline/Pipeline.php(29): Vietiso\Core\Http\Middleware\HandleException->handle()
#9 /var/www/html/core/Middleware/HandleCors.php(15): Vietiso\Core\Pipeline\Pipeline->Vietiso\Core\Pipeline\{closure}()
#10 /var/www/html/core/Pipeline/Pipeline.php(29): Vietiso\Core\Middleware\HandleCors->handle()
#11 /var/www/html/core/Middleware/TrustProxies.php(49): Vietiso\Core\Pipeline\Pipeline->Vietiso\Core\Pipeline\{closure}()
#12 /var/www/html/core/Pipeline/Pipeline.php(29): Vietiso\Core\Middleware\TrustProxies->handle()
#13 /var/www/html/core/Pipeline/Pipeline.php(81): Vietiso\Core\Pipeline\Pipeline->Vietiso\Core\Pipeline\{closure}()
#14 /var/www/html/core/Route/RouteDispacher.php(70): Vietiso\Core\Pipeline\Pipeline->then()
#15 /var/www/html/core/Server/Events/RequestEvent.php(17): Vietiso\Core\Route\RouteDispacher->handle()
#16 [internal function]: Vietiso\Core\Server\Events\RequestEvent->handle()
#17 {main}  
[2025-05-26T07:16:54.327686+00:00] vietiso.ERROR: Vietiso\Core\ErrorHandler\Exception\DumperException in /var/www/html/core/functions.php:33
Stack trace:
#0 /var/www/html/modules/tour/src/Controllers/TourController.php(51): dd()
#1 /var/www/html/core/Route/RouteDispacher.php(51): Vietiso\Modules\Tour\Controllers\TourController->getAllItineraries()
#2 /var/www/html/core/Pipeline/Pipeline.php(33): Vietiso\Core\Route\RouteDispacher->Vietiso\Core\Route\{closure}()
#3 /var/www/html/core/Middleware/TransformsRequest.php(19): Vietiso\Core\Pipeline\Pipeline->Vietiso\Core\Pipeline\{closure}()
#4 /var/www/html/core/Pipeline/Pipeline.php(29): Vietiso\Core\Middleware\TransformsRequest->handle()
#5 /var/www/html/core/Middleware/TransformsRequest.php(19): Vietiso\Core\Pipeline\Pipeline->Vietiso\Core\Pipeline\{closure}()
#6 /var/www/html/core/Pipeline/Pipeline.php(29): Vietiso\Core\Middleware\TransformsRequest->handle()
#7 /var/www/html/core/Http/Middleware/HandleException.php(17): Vietiso\Core\Pipeline\Pipeline->Vietiso\Core\Pipeline\{closure}()
#8 /var/www/html/core/Pipeline/Pipeline.php(29): Vietiso\Core\Http\Middleware\HandleException->handle()
#9 /var/www/html/core/Middleware/HandleCors.php(15): Vietiso\Core\Pipeline\Pipeline->Vietiso\Core\Pipeline\{closure}()
#10 /var/www/html/core/Pipeline/Pipeline.php(29): Vietiso\Core\Middleware\HandleCors->handle()
#11 /var/www/html/core/Middleware/TrustProxies.php(49): Vietiso\Core\Pipeline\Pipeline->Vietiso\Core\Pipeline\{closure}()
#12 /var/www/html/core/Pipeline/Pipeline.php(29): Vietiso\Core\Middleware\TrustProxies->handle()
#13 /var/www/html/core/Pipeline/Pipeline.php(81): Vietiso\Core\Pipeline\Pipeline->Vietiso\Core\Pipeline\{closure}()
#14 /var/www/html/core/Route/RouteDispacher.php(70): Vietiso\Core\Pipeline\Pipeline->then()
#15 /var/www/html/core/Server/Events/RequestEvent.php(17): Vietiso\Core\Route\RouteDispacher->handle()
#16 [internal function]: Vietiso\Core\Server\Events\RequestEvent->handle()
#17 {main}  
[2025-05-26T07:29:32.280145+00:00] vietiso.ERROR: Vietiso\Core\ErrorHandler\Exception\DumperException in /var/www/html/core/functions.php:33
Stack trace:
#0 /var/www/html/modules/tour/src/Controllers/TourController.php(53): dd()
#1 /var/www/html/core/Route/RouteDispacher.php(51): Vietiso\Modules\Tour\Controllers\TourController->getAllItineraries()
#2 /var/www/html/core/Pipeline/Pipeline.php(33): Vietiso\Core\Route\RouteDispacher->Vietiso\Core\Route\{closure}()
#3 /var/www/html/core/Middleware/TransformsRequest.php(19): Vietiso\Core\Pipeline\Pipeline->Vietiso\Core\Pipeline\{closure}()
#4 /var/www/html/core/Pipeline/Pipeline.php(29): Vietiso\Core\Middleware\TransformsRequest->handle()
#5 /var/www/html/core/Middleware/TransformsRequest.php(19): Vietiso\Core\Pipeline\Pipeline->Vietiso\Core\Pipeline\{closure}()
#6 /var/www/html/core/Pipeline/Pipeline.php(29): Vietiso\Core\Middleware\TransformsRequest->handle()
#7 /var/www/html/core/Http/Middleware/HandleException.php(17): Vietiso\Core\Pipeline\Pipeline->Vietiso\Core\Pipeline\{closure}()
#8 /var/www/html/core/Pipeline/Pipeline.php(29): Vietiso\Core\Http\Middleware\HandleException->handle()
#9 /var/www/html/core/Middleware/HandleCors.php(15): Vietiso\Core\Pipeline\Pipeline->Vietiso\Core\Pipeline\{closure}()
#10 /var/www/html/core/Pipeline/Pipeline.php(29): Vietiso\Core\Middleware\HandleCors->handle()
#11 /var/www/html/core/Middleware/TrustProxies.php(49): Vietiso\Core\Pipeline\Pipeline->Vietiso\Core\Pipeline\{closure}()
#12 /var/www/html/core/Pipeline/Pipeline.php(29): Vietiso\Core\Middleware\TrustProxies->handle()
#13 /var/www/html/core/Pipeline/Pipeline.php(81): Vietiso\Core\Pipeline\Pipeline->Vietiso\Core\Pipeline\{closure}()
#14 /var/www/html/core/Route/RouteDispacher.php(70): Vietiso\Core\Pipeline\Pipeline->then()
#15 /var/www/html/core/Server/Events/RequestEvent.php(17): Vietiso\Core\Route\RouteDispacher->handle()
#16 [internal function]: Vietiso\Core\Server\Events\RequestEvent->handle()
#17 {main}  
[2025-05-26T07:29:48.562776+00:00] vietiso.ERROR: Vietiso\Core\ErrorHandler\Exception\DumperException in /var/www/html/core/functions.php:33
Stack trace:
#0 /var/www/html/modules/tour/src/Controllers/TourController.php(53): dd()
#1 /var/www/html/core/Route/RouteDispacher.php(51): Vietiso\Modules\Tour\Controllers\TourController->getAllItineraries()
#2 /var/www/html/core/Pipeline/Pipeline.php(33): Vietiso\Core\Route\RouteDispacher->Vietiso\Core\Route\{closure}()
#3 /var/www/html/core/Middleware/TransformsRequest.php(19): Vietiso\Core\Pipeline\Pipeline->Vietiso\Core\Pipeline\{closure}()
#4 /var/www/html/core/Pipeline/Pipeline.php(29): Vietiso\Core\Middleware\TransformsRequest->handle()
#5 /var/www/html/core/Middleware/TransformsRequest.php(19): Vietiso\Core\Pipeline\Pipeline->Vietiso\Core\Pipeline\{closure}()
#6 /var/www/html/core/Pipeline/Pipeline.php(29): Vietiso\Core\Middleware\TransformsRequest->handle()
#7 /var/www/html/core/Http/Middleware/HandleException.php(17): Vietiso\Core\Pipeline\Pipeline->Vietiso\Core\Pipeline\{closure}()
#8 /var/www/html/core/Pipeline/Pipeline.php(29): Vietiso\Core\Http\Middleware\HandleException->handle()
#9 /var/www/html/core/Middleware/HandleCors.php(15): Vietiso\Core\Pipeline\Pipeline->Vietiso\Core\Pipeline\{closure}()
#10 /var/www/html/core/Pipeline/Pipeline.php(29): Vietiso\Core\Middleware\HandleCors->handle()
#11 /var/www/html/core/Middleware/TrustProxies.php(49): Vietiso\Core\Pipeline\Pipeline->Vietiso\Core\Pipeline\{closure}()
#12 /var/www/html/core/Pipeline/Pipeline.php(29): Vietiso\Core\Middleware\TrustProxies->handle()
#13 /var/www/html/core/Pipeline/Pipeline.php(81): Vietiso\Core\Pipeline\Pipeline->Vietiso\Core\Pipeline\{closure}()
#14 /var/www/html/core/Route/RouteDispacher.php(70): Vietiso\Core\Pipeline\Pipeline->then()
#15 /var/www/html/core/Server/Events/RequestEvent.php(17): Vietiso\Core\Route\RouteDispacher->handle()
#16 [internal function]: Vietiso\Core\Server\Events\RequestEvent->handle()
#17 {main}  
[2025-05-26T07:29:56.780109+00:00] vietiso.ERROR: Vietiso\Core\ErrorHandler\Exception\DumperException in /var/www/html/core/functions.php:33
Stack trace:
#0 /var/www/html/modules/tour/src/Controllers/TourController.php(53): dd()
#1 /var/www/html/core/Route/RouteDispacher.php(51): Vietiso\Modules\Tour\Controllers\TourController->getAllItineraries()
#2 /var/www/html/core/Pipeline/Pipeline.php(33): Vietiso\Core\Route\RouteDispacher->Vietiso\Core\Route\{closure}()
#3 /var/www/html/core/Middleware/TransformsRequest.php(19): Vietiso\Core\Pipeline\Pipeline->Vietiso\Core\Pipeline\{closure}()
#4 /var/www/html/core/Pipeline/Pipeline.php(29): Vietiso\Core\Middleware\TransformsRequest->handle()
#5 /var/www/html/core/Middleware/TransformsRequest.php(19): Vietiso\Core\Pipeline\Pipeline->Vietiso\Core\Pipeline\{closure}()
#6 /var/www/html/core/Pipeline/Pipeline.php(29): Vietiso\Core\Middleware\TransformsRequest->handle()
#7 /var/www/html/core/Http/Middleware/HandleException.php(17): Vietiso\Core\Pipeline\Pipeline->Vietiso\Core\Pipeline\{closure}()
#8 /var/www/html/core/Pipeline/Pipeline.php(29): Vietiso\Core\Http\Middleware\HandleException->handle()
#9 /var/www/html/core/Middleware/HandleCors.php(15): Vietiso\Core\Pipeline\Pipeline->Vietiso\Core\Pipeline\{closure}()
#10 /var/www/html/core/Pipeline/Pipeline.php(29): Vietiso\Core\Middleware\HandleCors->handle()
#11 /var/www/html/core/Middleware/TrustProxies.php(49): Vietiso\Core\Pipeline\Pipeline->Vietiso\Core\Pipeline\{closure}()
#12 /var/www/html/core/Pipeline/Pipeline.php(29): Vietiso\Core\Middleware\TrustProxies->handle()
#13 /var/www/html/core/Pipeline/Pipeline.php(81): Vietiso\Core\Pipeline\Pipeline->Vietiso\Core\Pipeline\{closure}()
#14 /var/www/html/core/Route/RouteDispacher.php(70): Vietiso\Core\Pipeline\Pipeline->then()
#15 /var/www/html/core/Server/Events/RequestEvent.php(17): Vietiso\Core\Route\RouteDispacher->handle()
#16 [internal function]: Vietiso\Core\Server\Events\RequestEvent->handle()
#17 {main}  
[2025-05-26T07:30:52.625785+00:00] vietiso.ERROR: Vietiso\Core\ErrorHandler\Exception\DumperException in /var/www/html/core/functions.php:33
Stack trace:
#0 /var/www/html/modules/tour/src/Controllers/TourController.php(53): dd()
#1 /var/www/html/core/Route/RouteDispacher.php(51): Vietiso\Modules\Tour\Controllers\TourController->getAllItineraries()
#2 /var/www/html/core/Pipeline/Pipeline.php(33): Vietiso\Core\Route\RouteDispacher->Vietiso\Core\Route\{closure}()
#3 /var/www/html/core/Middleware/TransformsRequest.php(19): Vietiso\Core\Pipeline\Pipeline->Vietiso\Core\Pipeline\{closure}()
#4 /var/www/html/core/Pipeline/Pipeline.php(29): Vietiso\Core\Middleware\TransformsRequest->handle()
#5 /var/www/html/core/Middleware/TransformsRequest.php(19): Vietiso\Core\Pipeline\Pipeline->Vietiso\Core\Pipeline\{closure}()
#6 /var/www/html/core/Pipeline/Pipeline.php(29): Vietiso\Core\Middleware\TransformsRequest->handle()
#7 /var/www/html/core/Http/Middleware/HandleException.php(17): Vietiso\Core\Pipeline\Pipeline->Vietiso\Core\Pipeline\{closure}()
#8 /var/www/html/core/Pipeline/Pipeline.php(29): Vietiso\Core\Http\Middleware\HandleException->handle()
#9 /var/www/html/core/Middleware/HandleCors.php(15): Vietiso\Core\Pipeline\Pipeline->Vietiso\Core\Pipeline\{closure}()
#10 /var/www/html/core/Pipeline/Pipeline.php(29): Vietiso\Core\Middleware\HandleCors->handle()
#11 /var/www/html/core/Middleware/TrustProxies.php(49): Vietiso\Core\Pipeline\Pipeline->Vietiso\Core\Pipeline\{closure}()
#12 /var/www/html/core/Pipeline/Pipeline.php(29): Vietiso\Core\Middleware\TrustProxies->handle()
#13 /var/www/html/core/Pipeline/Pipeline.php(81): Vietiso\Core\Pipeline\Pipeline->Vietiso\Core\Pipeline\{closure}()
#14 /var/www/html/core/Route/RouteDispacher.php(70): Vietiso\Core\Pipeline\Pipeline->then()
#15 /var/www/html/core/Server/Events/RequestEvent.php(17): Vietiso\Core\Route\RouteDispacher->handle()
#16 [internal function]: Vietiso\Core\Server\Events\RequestEvent->handle()
#17 {main}  
[2025-05-26T07:48:21.696668+00:00] vietiso.ERROR: Vietiso\Core\Http\Exception\NotFoundHttpException: Not Found in /var/www/html/core/Route/RouteDispacher.php:35
Stack trace:
#0 /var/www/html/core/Pipeline/Pipeline.php(33): Vietiso\Core\Route\RouteDispacher->Vietiso\Core\Route\{closure}()
#1 /var/www/html/core/Middleware/TransformsRequest.php(19): Vietiso\Core\Pipeline\Pipeline->Vietiso\Core\Pipeline\{closure}()
#2 /var/www/html/core/Pipeline/Pipeline.php(29): Vietiso\Core\Middleware\TransformsRequest->handle()
#3 /var/www/html/core/Middleware/TransformsRequest.php(19): Vietiso\Core\Pipeline\Pipeline->Vietiso\Core\Pipeline\{closure}()
#4 /var/www/html/core/Pipeline/Pipeline.php(29): Vietiso\Core\Middleware\TransformsRequest->handle()
#5 /var/www/html/core/Http/Middleware/HandleException.php(17): Vietiso\Core\Pipeline\Pipeline->Vietiso\Core\Pipeline\{closure}()
#6 /var/www/html/core/Pipeline/Pipeline.php(29): Vietiso\Core\Http\Middleware\HandleException->handle()
#7 /var/www/html/core/Middleware/HandleCors.php(15): Vietiso\Core\Pipeline\Pipeline->Vietiso\Core\Pipeline\{closure}()
#8 /var/www/html/core/Pipeline/Pipeline.php(29): Vietiso\Core\Middleware\HandleCors->handle()
#9 /var/www/html/core/Middleware/TrustProxies.php(49): Vietiso\Core\Pipeline\Pipeline->Vietiso\Core\Pipeline\{closure}()
#10 /var/www/html/core/Pipeline/Pipeline.php(29): Vietiso\Core\Middleware\TrustProxies->handle()
#11 /var/www/html/core/Pipeline/Pipeline.php(81): Vietiso\Core\Pipeline\Pipeline->Vietiso\Core\Pipeline\{closure}()
#12 /var/www/html/core/Route/RouteDispacher.php(70): Vietiso\Core\Pipeline\Pipeline->then()
#13 /var/www/html/core/Server/Events/RequestEvent.php(17): Vietiso\Core\Route\RouteDispacher->handle()
#14 [internal function]: Vietiso\Core\Server\Events\RequestEvent->handle()
#15 {main}  
[2025-05-26T07:53:08.731969+00:00] vietiso.ERROR: Vietiso\Core\Http\Exception\NotFoundHttpException: Not Found in /var/www/html/core/Route/RouteDispacher.php:35
Stack trace:
#0 /var/www/html/core/Pipeline/Pipeline.php(33): Vietiso\Core\Route\RouteDispacher->Vietiso\Core\Route\{closure}()
#1 /var/www/html/core/Middleware/TransformsRequest.php(19): Vietiso\Core\Pipeline\Pipeline->Vietiso\Core\Pipeline\{closure}()
#2 /var/www/html/core/Pipeline/Pipeline.php(29): Vietiso\Core\Middleware\TransformsRequest->handle()
#3 /var/www/html/core/Middleware/TransformsRequest.php(19): Vietiso\Core\Pipeline\Pipeline->Vietiso\Core\Pipeline\{closure}()
#4 /var/www/html/core/Pipeline/Pipeline.php(29): Vietiso\Core\Middleware\TransformsRequest->handle()
#5 /var/www/html/core/Http/Middleware/HandleException.php(17): Vietiso\Core\Pipeline\Pipeline->Vietiso\Core\Pipeline\{closure}()
#6 /var/www/html/core/Pipeline/Pipeline.php(29): Vietiso\Core\Http\Middleware\HandleException->handle()
#7 /var/www/html/core/Middleware/HandleCors.php(15): Vietiso\Core\Pipeline\Pipeline->Vietiso\Core\Pipeline\{closure}()
#8 /var/www/html/core/Pipeline/Pipeline.php(29): Vietiso\Core\Middleware\HandleCors->handle()
#9 /var/www/html/core/Middleware/TrustProxies.php(49): Vietiso\Core\Pipeline\Pipeline->Vietiso\Core\Pipeline\{closure}()
#10 /var/www/html/core/Pipeline/Pipeline.php(29): Vietiso\Core\Middleware\TrustProxies->handle()
#11 /var/www/html/core/Pipeline/Pipeline.php(81): Vietiso\Core\Pipeline\Pipeline->Vietiso\Core\Pipeline\{closure}()
#12 /var/www/html/core/Route/RouteDispacher.php(70): Vietiso\Core\Pipeline\Pipeline->then()
#13 /var/www/html/core/Server/Events/RequestEvent.php(17): Vietiso\Core\Route\RouteDispacher->handle()
#14 [internal function]: Vietiso\Core\Server\Events\RequestEvent->handle()
#15 {main}  
[2025-05-26T07:54:46.195507+00:00] vietiso.ERROR: Vietiso\Core\Http\Exception\NotFoundHttpException: Not Found in /var/www/html/core/Route/RouteDispacher.php:35
Stack trace:
#0 /var/www/html/core/Pipeline/Pipeline.php(33): Vietiso\Core\Route\RouteDispacher->Vietiso\Core\Route\{closure}()
#1 /var/www/html/core/Middleware/TransformsRequest.php(19): Vietiso\Core\Pipeline\Pipeline->Vietiso\Core\Pipeline\{closure}()
#2 /var/www/html/core/Pipeline/Pipeline.php(29): Vietiso\Core\Middleware\TransformsRequest->handle()
#3 /var/www/html/core/Middleware/TransformsRequest.php(19): Vietiso\Core\Pipeline\Pipeline->Vietiso\Core\Pipeline\{closure}()
#4 /var/www/html/core/Pipeline/Pipeline.php(29): Vietiso\Core\Middleware\TransformsRequest->handle()
#5 /var/www/html/core/Http/Middleware/HandleException.php(17): Vietiso\Core\Pipeline\Pipeline->Vietiso\Core\Pipeline\{closure}()
#6 /var/www/html/core/Pipeline/Pipeline.php(29): Vietiso\Core\Http\Middleware\HandleException->handle()
#7 /var/www/html/core/Middleware/HandleCors.php(15): Vietiso\Core\Pipeline\Pipeline->Vietiso\Core\Pipeline\{closure}()
#8 /var/www/html/core/Pipeline/Pipeline.php(29): Vietiso\Core\Middleware\HandleCors->handle()
#9 /var/www/html/core/Middleware/TrustProxies.php(49): Vietiso\Core\Pipeline\Pipeline->Vietiso\Core\Pipeline\{closure}()
#10 /var/www/html/core/Pipeline/Pipeline.php(29): Vietiso\Core\Middleware\TrustProxies->handle()
#11 /var/www/html/core/Pipeline/Pipeline.php(81): Vietiso\Core\Pipeline\Pipeline->Vietiso\Core\Pipeline\{closure}()
#12 /var/www/html/core/Route/RouteDispacher.php(70): Vietiso\Core\Pipeline\Pipeline->then()
#13 /var/www/html/core/Server/Events/RequestEvent.php(17): Vietiso\Core\Route\RouteDispacher->handle()
#14 [internal function]: Vietiso\Core\Server\Events\RequestEvent->handle()
#15 {main}  
[2025-05-26T07:56:26.312210+00:00] vietiso.ERROR: Vietiso\Core\Http\Exception\NotFoundHttpException: Not Found in /var/www/html/core/Route/RouteDispacher.php:35
Stack trace:
#0 /var/www/html/core/Pipeline/Pipeline.php(33): Vietiso\Core\Route\RouteDispacher->Vietiso\Core\Route\{closure}()
#1 /var/www/html/core/Middleware/TransformsRequest.php(19): Vietiso\Core\Pipeline\Pipeline->Vietiso\Core\Pipeline\{closure}()
#2 /var/www/html/core/Pipeline/Pipeline.php(29): Vietiso\Core\Middleware\TransformsRequest->handle()
#3 /var/www/html/core/Middleware/TransformsRequest.php(19): Vietiso\Core\Pipeline\Pipeline->Vietiso\Core\Pipeline\{closure}()
#4 /var/www/html/core/Pipeline/Pipeline.php(29): Vietiso\Core\Middleware\TransformsRequest->handle()
#5 /var/www/html/core/Http/Middleware/HandleException.php(17): Vietiso\Core\Pipeline\Pipeline->Vietiso\Core\Pipeline\{closure}()
#6 /var/www/html/core/Pipeline/Pipeline.php(29): Vietiso\Core\Http\Middleware\HandleException->handle()
#7 /var/www/html/core/Middleware/HandleCors.php(15): Vietiso\Core\Pipeline\Pipeline->Vietiso\Core\Pipeline\{closure}()
#8 /var/www/html/core/Pipeline/Pipeline.php(29): Vietiso\Core\Middleware\HandleCors->handle()
#9 /var/www/html/core/Middleware/TrustProxies.php(49): Vietiso\Core\Pipeline\Pipeline->Vietiso\Core\Pipeline\{closure}()
#10 /var/www/html/core/Pipeline/Pipeline.php(29): Vietiso\Core\Middleware\TrustProxies->handle()
#11 /var/www/html/core/Pipeline/Pipeline.php(81): Vietiso\Core\Pipeline\Pipeline->Vietiso\Core\Pipeline\{closure}()
#12 /var/www/html/core/Route/RouteDispacher.php(70): Vietiso\Core\Pipeline\Pipeline->then()
#13 /var/www/html/core/Server/Events/RequestEvent.php(17): Vietiso\Core\Route\RouteDispacher->handle()
#14 [internal function]: Vietiso\Core\Server\Events\RequestEvent->handle()
#15 {main}  
[2025-05-26T07:56:30.267452+00:00] vietiso.ERROR: Vietiso\Core\Http\Exception\NotFoundHttpException: Not Found in /var/www/html/core/Route/RouteDispacher.php:35
Stack trace:
#0 /var/www/html/core/Pipeline/Pipeline.php(33): Vietiso\Core\Route\RouteDispacher->Vietiso\Core\Route\{closure}()
#1 /var/www/html/core/Middleware/TransformsRequest.php(19): Vietiso\Core\Pipeline\Pipeline->Vietiso\Core\Pipeline\{closure}()
#2 /var/www/html/core/Pipeline/Pipeline.php(29): Vietiso\Core\Middleware\TransformsRequest->handle()
#3 /var/www/html/core/Middleware/TransformsRequest.php(19): Vietiso\Core\Pipeline\Pipeline->Vietiso\Core\Pipeline\{closure}()
#4 /var/www/html/core/Pipeline/Pipeline.php(29): Vietiso\Core\Middleware\TransformsRequest->handle()
#5 /var/www/html/core/Http/Middleware/HandleException.php(17): Vietiso\Core\Pipeline\Pipeline->Vietiso\Core\Pipeline\{closure}()
#6 /var/www/html/core/Pipeline/Pipeline.php(29): Vietiso\Core\Http\Middleware\HandleException->handle()
#7 /var/www/html/core/Middleware/HandleCors.php(15): Vietiso\Core\Pipeline\Pipeline->Vietiso\Core\Pipeline\{closure}()
#8 /var/www/html/core/Pipeline/Pipeline.php(29): Vietiso\Core\Middleware\HandleCors->handle()
#9 /var/www/html/core/Middleware/TrustProxies.php(49): Vietiso\Core\Pipeline\Pipeline->Vietiso\Core\Pipeline\{closure}()
#10 /var/www/html/core/Pipeline/Pipeline.php(29): Vietiso\Core\Middleware\TrustProxies->handle()
#11 /var/www/html/core/Pipeline/Pipeline.php(81): Vietiso\Core\Pipeline\Pipeline->Vietiso\Core\Pipeline\{closure}()
#12 /var/www/html/core/Route/RouteDispacher.php(70): Vietiso\Core\Pipeline\Pipeline->then()
#13 /var/www/html/core/Server/Events/RequestEvent.php(17): Vietiso\Core\Route\RouteDispacher->handle()
#14 [internal function]: Vietiso\Core\Server\Events\RequestEvent->handle()
#15 {main}  
[2025-05-26T07:57:08.114974+00:00] vietiso.ERROR: Vietiso\Core\Http\Exception\NotFoundHttpException: Not Found in /var/www/html/core/Route/RouteDispacher.php:35
Stack trace:
#0 /var/www/html/core/Pipeline/Pipeline.php(33): Vietiso\Core\Route\RouteDispacher->Vietiso\Core\Route\{closure}()
#1 /var/www/html/core/Middleware/TransformsRequest.php(19): Vietiso\Core\Pipeline\Pipeline->Vietiso\Core\Pipeline\{closure}()
#2 /var/www/html/core/Pipeline/Pipeline.php(29): Vietiso\Core\Middleware\TransformsRequest->handle()
#3 /var/www/html/core/Middleware/TransformsRequest.php(19): Vietiso\Core\Pipeline\Pipeline->Vietiso\Core\Pipeline\{closure}()
#4 /var/www/html/core/Pipeline/Pipeline.php(29): Vietiso\Core\Middleware\TransformsRequest->handle()
#5 /var/www/html/core/Http/Middleware/HandleException.php(17): Vietiso\Core\Pipeline\Pipeline->Vietiso\Core\Pipeline\{closure}()
#6 /var/www/html/core/Pipeline/Pipeline.php(29): Vietiso\Core\Http\Middleware\HandleException->handle()
#7 /var/www/html/core/Middleware/HandleCors.php(15): Vietiso\Core\Pipeline\Pipeline->Vietiso\Core\Pipeline\{closure}()
#8 /var/www/html/core/Pipeline/Pipeline.php(29): Vietiso\Core\Middleware\HandleCors->handle()
#9 /var/www/html/core/Middleware/TrustProxies.php(49): Vietiso\Core\Pipeline\Pipeline->Vietiso\Core\Pipeline\{closure}()
#10 /var/www/html/core/Pipeline/Pipeline.php(29): Vietiso\Core\Middleware\TrustProxies->handle()
#11 /var/www/html/core/Pipeline/Pipeline.php(81): Vietiso\Core\Pipeline\Pipeline->Vietiso\Core\Pipeline\{closure}()
#12 /var/www/html/core/Route/RouteDispacher.php(70): Vietiso\Core\Pipeline\Pipeline->then()
#13 /var/www/html/core/Server/Events/RequestEvent.php(17): Vietiso\Core\Route\RouteDispacher->handle()
#14 [internal function]: Vietiso\Core\Server\Events\RequestEvent->handle()
#15 {main}  
[2025-05-26T08:01:37.601873+00:00] vietiso.ERROR: Vietiso\Core\ErrorHandler\Exception\DumperException in /var/www/html/core/functions.php:33
Stack trace:
#0 /var/www/html/modules/tour/src/Controllers/TourController.php(74): dd()
#1 /var/www/html/core/Route/RouteDispacher.php(51): Vietiso\Modules\Tour\Controllers\TourController->getListDeparture()
#2 /var/www/html/core/Pipeline/Pipeline.php(33): Vietiso\Core\Route\RouteDispacher->Vietiso\Core\Route\{closure}()
#3 /var/www/html/core/Middleware/TransformsRequest.php(19): Vietiso\Core\Pipeline\Pipeline->Vietiso\Core\Pipeline\{closure}()
#4 /var/www/html/core/Pipeline/Pipeline.php(29): Vietiso\Core\Middleware\TransformsRequest->handle()
#5 /var/www/html/core/Middleware/TransformsRequest.php(19): Vietiso\Core\Pipeline\Pipeline->Vietiso\Core\Pipeline\{closure}()
#6 /var/www/html/core/Pipeline/Pipeline.php(29): Vietiso\Core\Middleware\TransformsRequest->handle()
#7 /var/www/html/core/Http/Middleware/HandleException.php(17): Vietiso\Core\Pipeline\Pipeline->Vietiso\Core\Pipeline\{closure}()
#8 /var/www/html/core/Pipeline/Pipeline.php(29): Vietiso\Core\Http\Middleware\HandleException->handle()
#9 /var/www/html/core/Middleware/HandleCors.php(15): Vietiso\Core\Pipeline\Pipeline->Vietiso\Core\Pipeline\{closure}()
#10 /var/www/html/core/Pipeline/Pipeline.php(29): Vietiso\Core\Middleware\HandleCors->handle()
#11 /var/www/html/core/Middleware/TrustProxies.php(49): Vietiso\Core\Pipeline\Pipeline->Vietiso\Core\Pipeline\{closure}()
#12 /var/www/html/core/Pipeline/Pipeline.php(29): Vietiso\Core\Middleware\TrustProxies->handle()
#13 /var/www/html/core/Pipeline/Pipeline.php(81): Vietiso\Core\Pipeline\Pipeline->Vietiso\Core\Pipeline\{closure}()
#14 /var/www/html/core/Route/RouteDispacher.php(70): Vietiso\Core\Pipeline\Pipeline->then()
#15 /var/www/html/core/Server/Events/RequestEvent.php(17): Vietiso\Core\Route\RouteDispacher->handle()
#16 [internal function]: Vietiso\Core\Server\Events\RequestEvent->handle()
#17 {main}  
[2025-05-26T08:01:43.070443+00:00] vietiso.ERROR: Vietiso\Core\ErrorHandler\Exception\DumperException in /var/www/html/core/functions.php:33
Stack trace:
#0 /var/www/html/modules/tour/src/Controllers/TourController.php(74): dd()
#1 /var/www/html/core/Route/RouteDispacher.php(51): Vietiso\Modules\Tour\Controllers\TourController->getListDeparture()
#2 /var/www/html/core/Pipeline/Pipeline.php(33): Vietiso\Core\Route\RouteDispacher->Vietiso\Core\Route\{closure}()
#3 /var/www/html/core/Middleware/TransformsRequest.php(19): Vietiso\Core\Pipeline\Pipeline->Vietiso\Core\Pipeline\{closure}()
#4 /var/www/html/core/Pipeline/Pipeline.php(29): Vietiso\Core\Middleware\TransformsRequest->handle()
#5 /var/www/html/core/Middleware/TransformsRequest.php(19): Vietiso\Core\Pipeline\Pipeline->Vietiso\Core\Pipeline\{closure}()
#6 /var/www/html/core/Pipeline/Pipeline.php(29): Vietiso\Core\Middleware\TransformsRequest->handle()
#7 /var/www/html/core/Http/Middleware/HandleException.php(17): Vietiso\Core\Pipeline\Pipeline->Vietiso\Core\Pipeline\{closure}()
#8 /var/www/html/core/Pipeline/Pipeline.php(29): Vietiso\Core\Http\Middleware\HandleException->handle()
#9 /var/www/html/core/Middleware/HandleCors.php(15): Vietiso\Core\Pipeline\Pipeline->Vietiso\Core\Pipeline\{closure}()
#10 /var/www/html/core/Pipeline/Pipeline.php(29): Vietiso\Core\Middleware\HandleCors->handle()
#11 /var/www/html/core/Middleware/TrustProxies.php(49): Vietiso\Core\Pipeline\Pipeline->Vietiso\Core\Pipeline\{closure}()
#12 /var/www/html/core/Pipeline/Pipeline.php(29): Vietiso\Core\Middleware\TrustProxies->handle()
#13 /var/www/html/core/Pipeline/Pipeline.php(81): Vietiso\Core\Pipeline\Pipeline->Vietiso\Core\Pipeline\{closure}()
#14 /var/www/html/core/Route/RouteDispacher.php(70): Vietiso\Core\Pipeline\Pipeline->then()
#15 /var/www/html/core/Server/Events/RequestEvent.php(17): Vietiso\Core\Route\RouteDispacher->handle()
#16 [internal function]: Vietiso\Core\Server\Events\RequestEvent->handle()
#17 {main}  
[2025-05-26T08:02:04.301208+00:00] vietiso.ERROR: TypeError: Cannot assign int to property Vietiso\Core\HttpClient\Response::$decoded of type ?array in /var/www/html/core/HttpClient/Response.php:29
Stack trace:
#0 /var/www/html/modules/tour/src/Controllers/TourController.php(72): Vietiso\Core\HttpClient\Response->json()
#1 /var/www/html/core/Route/RouteDispacher.php(51): Vietiso\Modules\Tour\Controllers\TourController->getListDeparture()
#2 /var/www/html/core/Pipeline/Pipeline.php(33): Vietiso\Core\Route\RouteDispacher->Vietiso\Core\Route\{closure}()
#3 /var/www/html/core/Middleware/TransformsRequest.php(19): Vietiso\Core\Pipeline\Pipeline->Vietiso\Core\Pipeline\{closure}()
#4 /var/www/html/core/Pipeline/Pipeline.php(29): Vietiso\Core\Middleware\TransformsRequest->handle()
#5 /var/www/html/core/Middleware/TransformsRequest.php(19): Vietiso\Core\Pipeline\Pipeline->Vietiso\Core\Pipeline\{closure}()
#6 /var/www/html/core/Pipeline/Pipeline.php(29): Vietiso\Core\Middleware\TransformsRequest->handle()
#7 /var/www/html/core/Http/Middleware/HandleException.php(17): Vietiso\Core\Pipeline\Pipeline->Vietiso\Core\Pipeline\{closure}()
#8 /var/www/html/core/Pipeline/Pipeline.php(29): Vietiso\Core\Http\Middleware\HandleException->handle()
#9 /var/www/html/core/Middleware/HandleCors.php(15): Vietiso\Core\Pipeline\Pipeline->Vietiso\Core\Pipeline\{closure}()
#10 /var/www/html/core/Pipeline/Pipeline.php(29): Vietiso\Core\Middleware\HandleCors->handle()
#11 /var/www/html/core/Middleware/TrustProxies.php(49): Vietiso\Core\Pipeline\Pipeline->Vietiso\Core\Pipeline\{closure}()
#12 /var/www/html/core/Pipeline/Pipeline.php(29): Vietiso\Core\Middleware\TrustProxies->handle()
#13 /var/www/html/core/Pipeline/Pipeline.php(81): Vietiso\Core\Pipeline\Pipeline->Vietiso\Core\Pipeline\{closure}()
#14 /var/www/html/core/Route/RouteDispacher.php(70): Vietiso\Core\Pipeline\Pipeline->then()
#15 /var/www/html/core/Server/Events/RequestEvent.php(17): Vietiso\Core\Route\RouteDispacher->handle()
#16 [internal function]: Vietiso\Core\Server\Events\RequestEvent->handle()
#17 {main}  
[2025-05-26T08:02:16.144598+00:00] vietiso.ERROR: TypeError: Cannot assign int to property Vietiso\Core\HttpClient\Response::$decoded of type ?array in /var/www/html/core/HttpClient/Response.php:29
Stack trace:
#0 /var/www/html/modules/tour/src/Controllers/TourController.php(72): Vietiso\Core\HttpClient\Response->json()
#1 /var/www/html/core/Route/RouteDispacher.php(51): Vietiso\Modules\Tour\Controllers\TourController->getListDeparture()
#2 /var/www/html/core/Pipeline/Pipeline.php(33): Vietiso\Core\Route\RouteDispacher->Vietiso\Core\Route\{closure}()
#3 /var/www/html/core/Middleware/TransformsRequest.php(19): Vietiso\Core\Pipeline\Pipeline->Vietiso\Core\Pipeline\{closure}()
#4 /var/www/html/core/Pipeline/Pipeline.php(29): Vietiso\Core\Middleware\TransformsRequest->handle()
#5 /var/www/html/core/Middleware/TransformsRequest.php(19): Vietiso\Core\Pipeline\Pipeline->Vietiso\Core\Pipeline\{closure}()
#6 /var/www/html/core/Pipeline/Pipeline.php(29): Vietiso\Core\Middleware\TransformsRequest->handle()
#7 /var/www/html/core/Http/Middleware/HandleException.php(17): Vietiso\Core\Pipeline\Pipeline->Vietiso\Core\Pipeline\{closure}()
#8 /var/www/html/core/Pipeline/Pipeline.php(29): Vietiso\Core\Http\Middleware\HandleException->handle()
#9 /var/www/html/core/Middleware/HandleCors.php(15): Vietiso\Core\Pipeline\Pipeline->Vietiso\Core\Pipeline\{closure}()
#10 /var/www/html/core/Pipeline/Pipeline.php(29): Vietiso\Core\Middleware\HandleCors->handle()
#11 /var/www/html/core/Middleware/TrustProxies.php(49): Vietiso\Core\Pipeline\Pipeline->Vietiso\Core\Pipeline\{closure}()
#12 /var/www/html/core/Pipeline/Pipeline.php(29): Vietiso\Core\Middleware\TrustProxies->handle()
#13 /var/www/html/core/Pipeline/Pipeline.php(81): Vietiso\Core\Pipeline\Pipeline->Vietiso\Core\Pipeline\{closure}()
#14 /var/www/html/core/Route/RouteDispacher.php(70): Vietiso\Core\Pipeline\Pipeline->then()
#15 /var/www/html/core/Server/Events/RequestEvent.php(17): Vietiso\Core\Route\RouteDispacher->handle()
#16 [internal function]: Vietiso\Core\Server\Events\RequestEvent->handle()
#17 {main}  
[2025-05-26T08:02:23.215802+00:00] vietiso.ERROR: Vietiso\Core\ErrorHandler\Exception\DumperException in /var/www/html/core/functions.php:33
Stack trace:
#0 /var/www/html/modules/tour/src/Controllers/TourController.php(74): dd()
#1 /var/www/html/core/Route/RouteDispacher.php(51): Vietiso\Modules\Tour\Controllers\TourController->getListDeparture()
#2 /var/www/html/core/Pipeline/Pipeline.php(33): Vietiso\Core\Route\RouteDispacher->Vietiso\Core\Route\{closure}()
#3 /var/www/html/core/Middleware/TransformsRequest.php(19): Vietiso\Core\Pipeline\Pipeline->Vietiso\Core\Pipeline\{closure}()
#4 /var/www/html/core/Pipeline/Pipeline.php(29): Vietiso\Core\Middleware\TransformsRequest->handle()
#5 /var/www/html/core/Middleware/TransformsRequest.php(19): Vietiso\Core\Pipeline\Pipeline->Vietiso\Core\Pipeline\{closure}()
#6 /var/www/html/core/Pipeline/Pipeline.php(29): Vietiso\Core\Middleware\TransformsRequest->handle()
#7 /var/www/html/core/Http/Middleware/HandleException.php(17): Vietiso\Core\Pipeline\Pipeline->Vietiso\Core\Pipeline\{closure}()
#8 /var/www/html/core/Pipeline/Pipeline.php(29): Vietiso\Core\Http\Middleware\HandleException->handle()
#9 /var/www/html/core/Middleware/HandleCors.php(15): Vietiso\Core\Pipeline\Pipeline->Vietiso\Core\Pipeline\{closure}()
#10 /var/www/html/core/Pipeline/Pipeline.php(29): Vietiso\Core\Middleware\HandleCors->handle()
#11 /var/www/html/core/Middleware/TrustProxies.php(49): Vietiso\Core\Pipeline\Pipeline->Vietiso\Core\Pipeline\{closure}()
#12 /var/www/html/core/Pipeline/Pipeline.php(29): Vietiso\Core\Middleware\TrustProxies->handle()
#13 /var/www/html/core/Pipeline/Pipeline.php(81): Vietiso\Core\Pipeline\Pipeline->Vietiso\Core\Pipeline\{closure}()
#14 /var/www/html/core/Route/RouteDispacher.php(70): Vietiso\Core\Pipeline\Pipeline->then()
#15 /var/www/html/core/Server/Events/RequestEvent.php(17): Vietiso\Core\Route\RouteDispacher->handle()
#16 [internal function]: Vietiso\Core\Server\Events\RequestEvent->handle()
#17 {main}  
[2025-05-26T08:02:45.711685+00:00] vietiso.ERROR: Vietiso\Core\ErrorHandler\Exception\DumperException in /var/www/html/core/functions.php:33
Stack trace:
#0 /var/www/html/modules/tour/src/Controllers/TourController.php(74): dd()
#1 /var/www/html/core/Route/RouteDispacher.php(51): Vietiso\Modules\Tour\Controllers\TourController->getListDeparture()
#2 /var/www/html/core/Pipeline/Pipeline.php(33): Vietiso\Core\Route\RouteDispacher->Vietiso\Core\Route\{closure}()
#3 /var/www/html/core/Middleware/TransformsRequest.php(19): Vietiso\Core\Pipeline\Pipeline->Vietiso\Core\Pipeline\{closure}()
#4 /var/www/html/core/Pipeline/Pipeline.php(29): Vietiso\Core\Middleware\TransformsRequest->handle()
#5 /var/www/html/core/Middleware/TransformsRequest.php(19): Vietiso\Core\Pipeline\Pipeline->Vietiso\Core\Pipeline\{closure}()
#6 /var/www/html/core/Pipeline/Pipeline.php(29): Vietiso\Core\Middleware\TransformsRequest->handle()
#7 /var/www/html/core/Http/Middleware/HandleException.php(17): Vietiso\Core\Pipeline\Pipeline->Vietiso\Core\Pipeline\{closure}()
#8 /var/www/html/core/Pipeline/Pipeline.php(29): Vietiso\Core\Http\Middleware\HandleException->handle()
#9 /var/www/html/core/Middleware/HandleCors.php(15): Vietiso\Core\Pipeline\Pipeline->Vietiso\Core\Pipeline\{closure}()
#10 /var/www/html/core/Pipeline/Pipeline.php(29): Vietiso\Core\Middleware\HandleCors->handle()
#11 /var/www/html/core/Middleware/TrustProxies.php(49): Vietiso\Core\Pipeline\Pipeline->Vietiso\Core\Pipeline\{closure}()
#12 /var/www/html/core/Pipeline/Pipeline.php(29): Vietiso\Core\Middleware\TrustProxies->handle()
#13 /var/www/html/core/Pipeline/Pipeline.php(81): Vietiso\Core\Pipeline\Pipeline->Vietiso\Core\Pipeline\{closure}()
#14 /var/www/html/core/Route/RouteDispacher.php(70): Vietiso\Core\Pipeline\Pipeline->then()
#15 /var/www/html/core/Server/Events/RequestEvent.php(17): Vietiso\Core\Route\RouteDispacher->handle()
#16 [internal function]: Vietiso\Core\Server\Events\RequestEvent->handle()
#17 {main}  
[2025-05-26T08:10:24.359576+00:00] vietiso.ERROR: Vietiso\Core\ErrorHandler\Exception\DumperException in /var/www/html/core/functions.php:33
Stack trace:
#0 /var/www/html/modules/tour/src/Controllers/TourController.php(74): dd()
#1 /var/www/html/core/Route/RouteDispacher.php(51): Vietiso\Modules\Tour\Controllers\TourController->getListDeparture()
#2 /var/www/html/core/Pipeline/Pipeline.php(33): Vietiso\Core\Route\RouteDispacher->Vietiso\Core\Route\{closure}()
#3 /var/www/html/core/Middleware/TransformsRequest.php(19): Vietiso\Core\Pipeline\Pipeline->Vietiso\Core\Pipeline\{closure}()
#4 /var/www/html/core/Pipeline/Pipeline.php(29): Vietiso\Core\Middleware\TransformsRequest->handle()
#5 /var/www/html/core/Middleware/TransformsRequest.php(19): Vietiso\Core\Pipeline\Pipeline->Vietiso\Core\Pipeline\{closure}()
#6 /var/www/html/core/Pipeline/Pipeline.php(29): Vietiso\Core\Middleware\TransformsRequest->handle()
#7 /var/www/html/core/Http/Middleware/HandleException.php(17): Vietiso\Core\Pipeline\Pipeline->Vietiso\Core\Pipeline\{closure}()
#8 /var/www/html/core/Pipeline/Pipeline.php(29): Vietiso\Core\Http\Middleware\HandleException->handle()
#9 /var/www/html/core/Middleware/HandleCors.php(15): Vietiso\Core\Pipeline\Pipeline->Vietiso\Core\Pipeline\{closure}()
#10 /var/www/html/core/Pipeline/Pipeline.php(29): Vietiso\Core\Middleware\HandleCors->handle()
#11 /var/www/html/core/Middleware/TrustProxies.php(49): Vietiso\Core\Pipeline\Pipeline->Vietiso\Core\Pipeline\{closure}()
#12 /var/www/html/core/Pipeline/Pipeline.php(29): Vietiso\Core\Middleware\TrustProxies->handle()
#13 /var/www/html/core/Pipeline/Pipeline.php(81): Vietiso\Core\Pipeline\Pipeline->Vietiso\Core\Pipeline\{closure}()
#14 /var/www/html/core/Route/RouteDispacher.php(70): Vietiso\Core\Pipeline\Pipeline->then()
#15 /var/www/html/core/Server/Events/RequestEvent.php(17): Vietiso\Core\Route\RouteDispacher->handle()
#16 [internal function]: Vietiso\Core\Server\Events\RequestEvent->handle()
#17 {main}  
[2025-05-26T08:12:28.328333+00:00] vietiso.ERROR: Vietiso\Core\ErrorHandler\Exception\DumperException in /var/www/html/core/functions.php:33
Stack trace:
#0 /var/www/html/modules/tour/src/Controllers/TourController.php(74): dd()
#1 /var/www/html/core/Route/RouteDispacher.php(51): Vietiso\Modules\Tour\Controllers\TourController->getListDeparture()
#2 /var/www/html/core/Pipeline/Pipeline.php(33): Vietiso\Core\Route\RouteDispacher->Vietiso\Core\Route\{closure}()
#3 /var/www/html/core/Middleware/TransformsRequest.php(19): Vietiso\Core\Pipeline\Pipeline->Vietiso\Core\Pipeline\{closure}()
#4 /var/www/html/core/Pipeline/Pipeline.php(29): Vietiso\Core\Middleware\TransformsRequest->handle()
#5 /var/www/html/core/Middleware/TransformsRequest.php(19): Vietiso\Core\Pipeline\Pipeline->Vietiso\Core\Pipeline\{closure}()
#6 /var/www/html/core/Pipeline/Pipeline.php(29): Vietiso\Core\Middleware\TransformsRequest->handle()
#7 /var/www/html/core/Http/Middleware/HandleException.php(17): Vietiso\Core\Pipeline\Pipeline->Vietiso\Core\Pipeline\{closure}()
#8 /var/www/html/core/Pipeline/Pipeline.php(29): Vietiso\Core\Http\Middleware\HandleException->handle()
#9 /var/www/html/core/Middleware/HandleCors.php(15): Vietiso\Core\Pipeline\Pipeline->Vietiso\Core\Pipeline\{closure}()
#10 /var/www/html/core/Pipeline/Pipeline.php(29): Vietiso\Core\Middleware\HandleCors->handle()
#11 /var/www/html/core/Middleware/TrustProxies.php(49): Vietiso\Core\Pipeline\Pipeline->Vietiso\Core\Pipeline\{closure}()
#12 /var/www/html/core/Pipeline/Pipeline.php(29): Vietiso\Core\Middleware\TrustProxies->handle()
#13 /var/www/html/core/Pipeline/Pipeline.php(81): Vietiso\Core\Pipeline\Pipeline->Vietiso\Core\Pipeline\{closure}()
#14 /var/www/html/core/Route/RouteDispacher.php(70): Vietiso\Core\Pipeline\Pipeline->then()
#15 /var/www/html/core/Server/Events/RequestEvent.php(17): Vietiso\Core\Route\RouteDispacher->handle()
#16 [internal function]: Vietiso\Core\Server\Events\RequestEvent->handle()
#17 {main}  
[2025-05-26T08:21:18.221888+00:00] vietiso.ERROR: Vietiso\Core\ErrorHandler\Exception\DumperException in /var/www/html/core/functions.php:33
Stack trace:
#0 /var/www/html/modules/tour/src/Controllers/TourController.php(73): dd()
#1 /var/www/html/core/Route/RouteDispacher.php(51): Vietiso\Modules\Tour\Controllers\TourController->getListDeparture()
#2 /var/www/html/core/Pipeline/Pipeline.php(33): Vietiso\Core\Route\RouteDispacher->Vietiso\Core\Route\{closure}()
#3 /var/www/html/core/Middleware/TransformsRequest.php(19): Vietiso\Core\Pipeline\Pipeline->Vietiso\Core\Pipeline\{closure}()
#4 /var/www/html/core/Pipeline/Pipeline.php(29): Vietiso\Core\Middleware\TransformsRequest->handle()
#5 /var/www/html/core/Middleware/TransformsRequest.php(19): Vietiso\Core\Pipeline\Pipeline->Vietiso\Core\Pipeline\{closure}()
#6 /var/www/html/core/Pipeline/Pipeline.php(29): Vietiso\Core\Middleware\TransformsRequest->handle()
#7 /var/www/html/core/Http/Middleware/HandleException.php(17): Vietiso\Core\Pipeline\Pipeline->Vietiso\Core\Pipeline\{closure}()
#8 /var/www/html/core/Pipeline/Pipeline.php(29): Vietiso\Core\Http\Middleware\HandleException->handle()
#9 /var/www/html/core/Middleware/HandleCors.php(15): Vietiso\Core\Pipeline\Pipeline->Vietiso\Core\Pipeline\{closure}()
#10 /var/www/html/core/Pipeline/Pipeline.php(29): Vietiso\Core\Middleware\HandleCors->handle()
#11 /var/www/html/core/Middleware/TrustProxies.php(49): Vietiso\Core\Pipeline\Pipeline->Vietiso\Core\Pipeline\{closure}()
#12 /var/www/html/core/Pipeline/Pipeline.php(29): Vietiso\Core\Middleware\TrustProxies->handle()
#13 /var/www/html/core/Pipeline/Pipeline.php(81): Vietiso\Core\Pipeline\Pipeline->Vietiso\Core\Pipeline\{closure}()
#14 /var/www/html/core/Route/RouteDispacher.php(70): Vietiso\Core\Pipeline\Pipeline->then()
#15 /var/www/html/core/Server/Events/RequestEvent.php(17): Vietiso\Core\Route\RouteDispacher->handle()
#16 [internal function]: Vietiso\Core\Server\Events\RequestEvent->handle()
#17 {main}  
[2025-05-26T08:27:58.015661+00:00] vietiso.ERROR: Vietiso\Core\ErrorHandler\Exception\DumperException in /var/www/html/core/functions.php:33
Stack trace:
#0 /var/www/html/modules/tour/src/Controllers/TourController.php(74): dd()
#1 /var/www/html/core/Route/RouteDispacher.php(51): Vietiso\Modules\Tour\Controllers\TourController->getListDeparture()
#2 /var/www/html/core/Pipeline/Pipeline.php(33): Vietiso\Core\Route\RouteDispacher->Vietiso\Core\Route\{closure}()
#3 /var/www/html/core/Middleware/TransformsRequest.php(19): Vietiso\Core\Pipeline\Pipeline->Vietiso\Core\Pipeline\{closure}()
#4 /var/www/html/core/Pipeline/Pipeline.php(29): Vietiso\Core\Middleware\TransformsRequest->handle()
#5 /var/www/html/core/Middleware/TransformsRequest.php(19): Vietiso\Core\Pipeline\Pipeline->Vietiso\Core\Pipeline\{closure}()
#6 /var/www/html/core/Pipeline/Pipeline.php(29): Vietiso\Core\Middleware\TransformsRequest->handle()
#7 /var/www/html/core/Http/Middleware/HandleException.php(17): Vietiso\Core\Pipeline\Pipeline->Vietiso\Core\Pipeline\{closure}()
#8 /var/www/html/core/Pipeline/Pipeline.php(29): Vietiso\Core\Http\Middleware\HandleException->handle()
#9 /var/www/html/core/Middleware/HandleCors.php(15): Vietiso\Core\Pipeline\Pipeline->Vietiso\Core\Pipeline\{closure}()
#10 /var/www/html/core/Pipeline/Pipeline.php(29): Vietiso\Core\Middleware\HandleCors->handle()
#11 /var/www/html/core/Middleware/TrustProxies.php(49): Vietiso\Core\Pipeline\Pipeline->Vietiso\Core\Pipeline\{closure}()
#12 /var/www/html/core/Pipeline/Pipeline.php(29): Vietiso\Core\Middleware\TrustProxies->handle()
#13 /var/www/html/core/Pipeline/Pipeline.php(81): Vietiso\Core\Pipeline\Pipeline->Vietiso\Core\Pipeline\{closure}()
#14 /var/www/html/core/Route/RouteDispacher.php(70): Vietiso\Core\Pipeline\Pipeline->then()
#15 /var/www/html/core/Server/Events/RequestEvent.php(17): Vietiso\Core\Route\RouteDispacher->handle()
#16 [internal function]: Vietiso\Core\Server\Events\RequestEvent->handle()
#17 {main}  
[2025-05-26T08:28:11.767964+00:00] vietiso.ERROR: Vietiso\Core\ErrorHandler\Exception\DumperException in /var/www/html/core/functions.php:33
Stack trace:
#0 /var/www/html/modules/tour/src/Controllers/TourController.php(74): dd()
#1 /var/www/html/core/Route/RouteDispacher.php(51): Vietiso\Modules\Tour\Controllers\TourController->getListDeparture()
#2 /var/www/html/core/Pipeline/Pipeline.php(33): Vietiso\Core\Route\RouteDispacher->Vietiso\Core\Route\{closure}()
#3 /var/www/html/core/Middleware/TransformsRequest.php(19): Vietiso\Core\Pipeline\Pipeline->Vietiso\Core\Pipeline\{closure}()
#4 /var/www/html/core/Pipeline/Pipeline.php(29): Vietiso\Core\Middleware\TransformsRequest->handle()
#5 /var/www/html/core/Middleware/TransformsRequest.php(19): Vietiso\Core\Pipeline\Pipeline->Vietiso\Core\Pipeline\{closure}()
#6 /var/www/html/core/Pipeline/Pipeline.php(29): Vietiso\Core\Middleware\TransformsRequest->handle()
#7 /var/www/html/core/Http/Middleware/HandleException.php(17): Vietiso\Core\Pipeline\Pipeline->Vietiso\Core\Pipeline\{closure}()
#8 /var/www/html/core/Pipeline/Pipeline.php(29): Vietiso\Core\Http\Middleware\HandleException->handle()
#9 /var/www/html/core/Middleware/HandleCors.php(15): Vietiso\Core\Pipeline\Pipeline->Vietiso\Core\Pipeline\{closure}()
#10 /var/www/html/core/Pipeline/Pipeline.php(29): Vietiso\Core\Middleware\HandleCors->handle()
#11 /var/www/html/core/Middleware/TrustProxies.php(49): Vietiso\Core\Pipeline\Pipeline->Vietiso\Core\Pipeline\{closure}()
#12 /var/www/html/core/Pipeline/Pipeline.php(29): Vietiso\Core\Middleware\TrustProxies->handle()
#13 /var/www/html/core/Pipeline/Pipeline.php(81): Vietiso\Core\Pipeline\Pipeline->Vietiso\Core\Pipeline\{closure}()
#14 /var/www/html/core/Route/RouteDispacher.php(70): Vietiso\Core\Pipeline\Pipeline->then()
#15 /var/www/html/core/Server/Events/RequestEvent.php(17): Vietiso\Core\Route\RouteDispacher->handle()
#16 [internal function]: Vietiso\Core\Server\Events\RequestEvent->handle()
#17 {main}  
[2025-05-26T08:28:28.429397+00:00] vietiso.ERROR: Vietiso\Core\ErrorHandler\Exception\DumperException in /var/www/html/core/functions.php:33
Stack trace:
#0 /var/www/html/modules/tour/src/Controllers/TourController.php(74): dd()
#1 /var/www/html/core/Route/RouteDispacher.php(51): Vietiso\Modules\Tour\Controllers\TourController->getListDeparture()
#2 /var/www/html/core/Pipeline/Pipeline.php(33): Vietiso\Core\Route\RouteDispacher->Vietiso\Core\Route\{closure}()
#3 /var/www/html/core/Middleware/TransformsRequest.php(19): Vietiso\Core\Pipeline\Pipeline->Vietiso\Core\Pipeline\{closure}()
#4 /var/www/html/core/Pipeline/Pipeline.php(29): Vietiso\Core\Middleware\TransformsRequest->handle()
#5 /var/www/html/core/Middleware/TransformsRequest.php(19): Vietiso\Core\Pipeline\Pipeline->Vietiso\Core\Pipeline\{closure}()
#6 /var/www/html/core/Pipeline/Pipeline.php(29): Vietiso\Core\Middleware\TransformsRequest->handle()
#7 /var/www/html/core/Http/Middleware/HandleException.php(17): Vietiso\Core\Pipeline\Pipeline->Vietiso\Core\Pipeline\{closure}()
#8 /var/www/html/core/Pipeline/Pipeline.php(29): Vietiso\Core\Http\Middleware\HandleException->handle()
#9 /var/www/html/core/Middleware/HandleCors.php(15): Vietiso\Core\Pipeline\Pipeline->Vietiso\Core\Pipeline\{closure}()
#10 /var/www/html/core/Pipeline/Pipeline.php(29): Vietiso\Core\Middleware\HandleCors->handle()
#11 /var/www/html/core/Middleware/TrustProxies.php(49): Vietiso\Core\Pipeline\Pipeline->Vietiso\Core\Pipeline\{closure}()
#12 /var/www/html/core/Pipeline/Pipeline.php(29): Vietiso\Core\Middleware\TrustProxies->handle()
#13 /var/www/html/core/Pipeline/Pipeline.php(81): Vietiso\Core\Pipeline\Pipeline->Vietiso\Core\Pipeline\{closure}()
#14 /var/www/html/core/Route/RouteDispacher.php(70): Vietiso\Core\Pipeline\Pipeline->then()
#15 /var/www/html/core/Server/Events/RequestEvent.php(17): Vietiso\Core\Route\RouteDispacher->handle()
#16 [internal function]: Vietiso\Core\Server\Events\RequestEvent->handle()
#17 {main}  
[2025-05-26T08:35:28.711339+00:00] vietiso.ERROR: Vietiso\Core\ErrorHandler\Exception\DumperException in /var/www/html/core/functions.php:33
Stack trace:
#0 /var/www/html/modules/tour/src/Controllers/TourController.php(74): dd()
#1 /var/www/html/core/Route/RouteDispacher.php(51): Vietiso\Modules\Tour\Controllers\TourController->getListDeparture()
#2 /var/www/html/core/Pipeline/Pipeline.php(33): Vietiso\Core\Route\RouteDispacher->Vietiso\Core\Route\{closure}()
#3 /var/www/html/core/Middleware/TransformsRequest.php(19): Vietiso\Core\Pipeline\Pipeline->Vietiso\Core\Pipeline\{closure}()
#4 /var/www/html/core/Pipeline/Pipeline.php(29): Vietiso\Core\Middleware\TransformsRequest->handle()
#5 /var/www/html/core/Middleware/TransformsRequest.php(19): Vietiso\Core\Pipeline\Pipeline->Vietiso\Core\Pipeline\{closure}()
#6 /var/www/html/core/Pipeline/Pipeline.php(29): Vietiso\Core\Middleware\TransformsRequest->handle()
#7 /var/www/html/core/Http/Middleware/HandleException.php(17): Vietiso\Core\Pipeline\Pipeline->Vietiso\Core\Pipeline\{closure}()
#8 /var/www/html/core/Pipeline/Pipeline.php(29): Vietiso\Core\Http\Middleware\HandleException->handle()
#9 /var/www/html/core/Middleware/HandleCors.php(15): Vietiso\Core\Pipeline\Pipeline->Vietiso\Core\Pipeline\{closure}()
#10 /var/www/html/core/Pipeline/Pipeline.php(29): Vietiso\Core\Middleware\HandleCors->handle()
#11 /var/www/html/core/Middleware/TrustProxies.php(49): Vietiso\Core\Pipeline\Pipeline->Vietiso\Core\Pipeline\{closure}()
#12 /var/www/html/core/Pipeline/Pipeline.php(29): Vietiso\Core\Middleware\TrustProxies->handle()
#13 /var/www/html/core/Pipeline/Pipeline.php(81): Vietiso\Core\Pipeline\Pipeline->Vietiso\Core\Pipeline\{closure}()
#14 /var/www/html/core/Route/RouteDispacher.php(70): Vietiso\Core\Pipeline\Pipeline->then()
#15 /var/www/html/core/Server/Events/RequestEvent.php(17): Vietiso\Core\Route\RouteDispacher->handle()
#16 [internal function]: Vietiso\Core\Server\Events\RequestEvent->handle()
#17 {main}  
[2025-05-26T08:38:16.382511+00:00] vietiso.ERROR: Vietiso\Core\ErrorHandler\Exception\DumperException in /var/www/html/core/functions.php:33
Stack trace:
#0 /var/www/html/modules/tour/src/Controllers/TourController.php(74): dd()
#1 /var/www/html/core/Route/RouteDispacher.php(51): Vietiso\Modules\Tour\Controllers\TourController->getListDeparture()
#2 /var/www/html/core/Pipeline/Pipeline.php(33): Vietiso\Core\Route\RouteDispacher->Vietiso\Core\Route\{closure}()
#3 /var/www/html/core/Middleware/TransformsRequest.php(19): Vietiso\Core\Pipeline\Pipeline->Vietiso\Core\Pipeline\{closure}()
#4 /var/www/html/core/Pipeline/Pipeline.php(29): Vietiso\Core\Middleware\TransformsRequest->handle()
#5 /var/www/html/core/Middleware/TransformsRequest.php(19): Vietiso\Core\Pipeline\Pipeline->Vietiso\Core\Pipeline\{closure}()
#6 /var/www/html/core/Pipeline/Pipeline.php(29): Vietiso\Core\Middleware\TransformsRequest->handle()
#7 /var/www/html/core/Http/Middleware/HandleException.php(17): Vietiso\Core\Pipeline\Pipeline->Vietiso\Core\Pipeline\{closure}()
#8 /var/www/html/core/Pipeline/Pipeline.php(29): Vietiso\Core\Http\Middleware\HandleException->handle()
#9 /var/www/html/core/Middleware/HandleCors.php(15): Vietiso\Core\Pipeline\Pipeline->Vietiso\Core\Pipeline\{closure}()
#10 /var/www/html/core/Pipeline/Pipeline.php(29): Vietiso\Core\Middleware\HandleCors->handle()
#11 /var/www/html/core/Middleware/TrustProxies.php(49): Vietiso\Core\Pipeline\Pipeline->Vietiso\Core\Pipeline\{closure}()
#12 /var/www/html/core/Pipeline/Pipeline.php(29): Vietiso\Core\Middleware\TrustProxies->handle()
#13 /var/www/html/core/Pipeline/Pipeline.php(81): Vietiso\Core\Pipeline\Pipeline->Vietiso\Core\Pipeline\{closure}()
#14 /var/www/html/core/Route/RouteDispacher.php(70): Vietiso\Core\Pipeline\Pipeline->then()
#15 /var/www/html/core/Server/Events/RequestEvent.php(17): Vietiso\Core\Route\RouteDispacher->handle()
#16 [internal function]: Vietiso\Core\Server\Events\RequestEvent->handle()
#17 {main}  
[2025-05-26T08:38:49.279812+00:00] vietiso.ERROR: Vietiso\Core\ErrorHandler\Exception\DumperException in /var/www/html/core/functions.php:33
Stack trace:
#0 /var/www/html/modules/tour/src/Controllers/TourController.php(74): dd()
#1 /var/www/html/core/Route/RouteDispacher.php(51): Vietiso\Modules\Tour\Controllers\TourController->getListDeparture()
#2 /var/www/html/core/Pipeline/Pipeline.php(33): Vietiso\Core\Route\RouteDispacher->Vietiso\Core\Route\{closure}()
#3 /var/www/html/core/Middleware/TransformsRequest.php(19): Vietiso\Core\Pipeline\Pipeline->Vietiso\Core\Pipeline\{closure}()
#4 /var/www/html/core/Pipeline/Pipeline.php(29): Vietiso\Core\Middleware\TransformsRequest->handle()
#5 /var/www/html/core/Middleware/TransformsRequest.php(19): Vietiso\Core\Pipeline\Pipeline->Vietiso\Core\Pipeline\{closure}()
#6 /var/www/html/core/Pipeline/Pipeline.php(29): Vietiso\Core\Middleware\TransformsRequest->handle()
#7 /var/www/html/core/Http/Middleware/HandleException.php(17): Vietiso\Core\Pipeline\Pipeline->Vietiso\Core\Pipeline\{closure}()
#8 /var/www/html/core/Pipeline/Pipeline.php(29): Vietiso\Core\Http\Middleware\HandleException->handle()
#9 /var/www/html/core/Middleware/HandleCors.php(15): Vietiso\Core\Pipeline\Pipeline->Vietiso\Core\Pipeline\{closure}()
#10 /var/www/html/core/Pipeline/Pipeline.php(29): Vietiso\Core\Middleware\HandleCors->handle()
#11 /var/www/html/core/Middleware/TrustProxies.php(49): Vietiso\Core\Pipeline\Pipeline->Vietiso\Core\Pipeline\{closure}()
#12 /var/www/html/core/Pipeline/Pipeline.php(29): Vietiso\Core\Middleware\TrustProxies->handle()
#13 /var/www/html/core/Pipeline/Pipeline.php(81): Vietiso\Core\Pipeline\Pipeline->Vietiso\Core\Pipeline\{closure}()
#14 /var/www/html/core/Route/RouteDispacher.php(70): Vietiso\Core\Pipeline\Pipeline->then()
#15 /var/www/html/core/Server/Events/RequestEvent.php(17): Vietiso\Core\Route\RouteDispacher->handle()
#16 [internal function]: Vietiso\Core\Server\Events\RequestEvent->handle()
#17 {main}  
[2025-05-26T08:38:51.982423+00:00] vietiso.ERROR: Vietiso\Core\ErrorHandler\Exception\DumperException in /var/www/html/core/functions.php:33
Stack trace:
#0 /var/www/html/modules/tour/src/Controllers/TourController.php(74): dd()
#1 /var/www/html/core/Route/RouteDispacher.php(51): Vietiso\Modules\Tour\Controllers\TourController->getListDeparture()
#2 /var/www/html/core/Pipeline/Pipeline.php(33): Vietiso\Core\Route\RouteDispacher->Vietiso\Core\Route\{closure}()
#3 /var/www/html/core/Middleware/TransformsRequest.php(19): Vietiso\Core\Pipeline\Pipeline->Vietiso\Core\Pipeline\{closure}()
#4 /var/www/html/core/Pipeline/Pipeline.php(29): Vietiso\Core\Middleware\TransformsRequest->handle()
#5 /var/www/html/core/Middleware/TransformsRequest.php(19): Vietiso\Core\Pipeline\Pipeline->Vietiso\Core\Pipeline\{closure}()
#6 /var/www/html/core/Pipeline/Pipeline.php(29): Vietiso\Core\Middleware\TransformsRequest->handle()
#7 /var/www/html/core/Http/Middleware/HandleException.php(17): Vietiso\Core\Pipeline\Pipeline->Vietiso\Core\Pipeline\{closure}()
#8 /var/www/html/core/Pipeline/Pipeline.php(29): Vietiso\Core\Http\Middleware\HandleException->handle()
#9 /var/www/html/core/Middleware/HandleCors.php(15): Vietiso\Core\Pipeline\Pipeline->Vietiso\Core\Pipeline\{closure}()
#10 /var/www/html/core/Pipeline/Pipeline.php(29): Vietiso\Core\Middleware\HandleCors->handle()
#11 /var/www/html/core/Middleware/TrustProxies.php(49): Vietiso\Core\Pipeline\Pipeline->Vietiso\Core\Pipeline\{closure}()
#12 /var/www/html/core/Pipeline/Pipeline.php(29): Vietiso\Core\Middleware\TrustProxies->handle()
#13 /var/www/html/core/Pipeline/Pipeline.php(81): Vietiso\Core\Pipeline\Pipeline->Vietiso\Core\Pipeline\{closure}()
#14 /var/www/html/core/Route/RouteDispacher.php(70): Vietiso\Core\Pipeline\Pipeline->then()
#15 /var/www/html/core/Server/Events/RequestEvent.php(17): Vietiso\Core\Route\RouteDispacher->handle()
#16 [internal function]: Vietiso\Core\Server\Events\RequestEvent->handle()
#17 {main}  
[2025-05-26T09:30:48.346703+00:00] vietiso.ERROR: Vietiso\Core\ErrorHandler\Exception\DumperException in /var/www/html/core/functions.php:33
Stack trace:
#0 /var/www/html/modules/tour/src/Controllers/TourController.php(89): dd()
#1 /var/www/html/core/Route/RouteDispacher.php(51): Vietiso\Modules\Tour\Controllers\TourController->getListTravelStyle()
#2 /var/www/html/core/Pipeline/Pipeline.php(33): Vietiso\Core\Route\RouteDispacher->Vietiso\Core\Route\{closure}()
#3 /var/www/html/core/Middleware/TransformsRequest.php(19): Vietiso\Core\Pipeline\Pipeline->Vietiso\Core\Pipeline\{closure}()
#4 /var/www/html/core/Pipeline/Pipeline.php(29): Vietiso\Core\Middleware\TransformsRequest->handle()
#5 /var/www/html/core/Middleware/TransformsRequest.php(19): Vietiso\Core\Pipeline\Pipeline->Vietiso\Core\Pipeline\{closure}()
#6 /var/www/html/core/Pipeline/Pipeline.php(29): Vietiso\Core\Middleware\TransformsRequest->handle()
#7 /var/www/html/core/Http/Middleware/HandleException.php(17): Vietiso\Core\Pipeline\Pipeline->Vietiso\Core\Pipeline\{closure}()
#8 /var/www/html/core/Pipeline/Pipeline.php(29): Vietiso\Core\Http\Middleware\HandleException->handle()
#9 /var/www/html/core/Middleware/HandleCors.php(15): Vietiso\Core\Pipeline\Pipeline->Vietiso\Core\Pipeline\{closure}()
#10 /var/www/html/core/Pipeline/Pipeline.php(29): Vietiso\Core\Middleware\HandleCors->handle()
#11 /var/www/html/core/Middleware/TrustProxies.php(49): Vietiso\Core\Pipeline\Pipeline->Vietiso\Core\Pipeline\{closure}()
#12 /var/www/html/core/Pipeline/Pipeline.php(29): Vietiso\Core\Middleware\TrustProxies->handle()
#13 /var/www/html/core/Pipeline/Pipeline.php(81): Vietiso\Core\Pipeline\Pipeline->Vietiso\Core\Pipeline\{closure}()
#14 /var/www/html/core/Route/RouteDispacher.php(70): Vietiso\Core\Pipeline\Pipeline->then()
#15 /var/www/html/core/Server/Events/RequestEvent.php(17): Vietiso\Core\Route\RouteDispacher->handle()
#16 [internal function]: Vietiso\Core\Server\Events\RequestEvent->handle()
#17 {main}  
[2025-05-26T09:31:13.786835+00:00] vietiso.ERROR: Vietiso\Core\ErrorHandler\Exception\DumperException in /var/www/html/core/functions.php:33
Stack trace:
#0 /var/www/html/modules/tour/src/Controllers/TourController.php(89): dd()
#1 /var/www/html/core/Route/RouteDispacher.php(51): Vietiso\Modules\Tour\Controllers\TourController->getListTravelStyle()
#2 /var/www/html/core/Pipeline/Pipeline.php(33): Vietiso\Core\Route\RouteDispacher->Vietiso\Core\Route\{closure}()
#3 /var/www/html/core/Middleware/TransformsRequest.php(19): Vietiso\Core\Pipeline\Pipeline->Vietiso\Core\Pipeline\{closure}()
#4 /var/www/html/core/Pipeline/Pipeline.php(29): Vietiso\Core\Middleware\TransformsRequest->handle()
#5 /var/www/html/core/Middleware/TransformsRequest.php(19): Vietiso\Core\Pipeline\Pipeline->Vietiso\Core\Pipeline\{closure}()
#6 /var/www/html/core/Pipeline/Pipeline.php(29): Vietiso\Core\Middleware\TransformsRequest->handle()
#7 /var/www/html/core/Http/Middleware/HandleException.php(17): Vietiso\Core\Pipeline\Pipeline->Vietiso\Core\Pipeline\{closure}()
#8 /var/www/html/core/Pipeline/Pipeline.php(29): Vietiso\Core\Http\Middleware\HandleException->handle()
#9 /var/www/html/core/Middleware/HandleCors.php(15): Vietiso\Core\Pipeline\Pipeline->Vietiso\Core\Pipeline\{closure}()
#10 /var/www/html/core/Pipeline/Pipeline.php(29): Vietiso\Core\Middleware\HandleCors->handle()
#11 /var/www/html/core/Middleware/TrustProxies.php(49): Vietiso\Core\Pipeline\Pipeline->Vietiso\Core\Pipeline\{closure}()
#12 /var/www/html/core/Pipeline/Pipeline.php(29): Vietiso\Core\Middleware\TrustProxies->handle()
#13 /var/www/html/core/Pipeline/Pipeline.php(81): Vietiso\Core\Pipeline\Pipeline->Vietiso\Core\Pipeline\{closure}()
#14 /var/www/html/core/Route/RouteDispacher.php(70): Vietiso\Core\Pipeline\Pipeline->then()
#15 /var/www/html/core/Server/Events/RequestEvent.php(17): Vietiso\Core\Route\RouteDispacher->handle()
#16 [internal function]: Vietiso\Core\Server\Events\RequestEvent->handle()
#17 {main}  
[2025-05-26T09:31:34.920238+00:00] vietiso.ERROR: Vietiso\Core\ErrorHandler\Exception\DumperException in /var/www/html/core/functions.php:33
Stack trace:
#0 /var/www/html/modules/tour/src/Controllers/TourController.php(89): dd()
#1 /var/www/html/core/Route/RouteDispacher.php(51): Vietiso\Modules\Tour\Controllers\TourController->getListTravelStyle()
#2 /var/www/html/core/Pipeline/Pipeline.php(33): Vietiso\Core\Route\RouteDispacher->Vietiso\Core\Route\{closure}()
#3 /var/www/html/core/Middleware/TransformsRequest.php(19): Vietiso\Core\Pipeline\Pipeline->Vietiso\Core\Pipeline\{closure}()
#4 /var/www/html/core/Pipeline/Pipeline.php(29): Vietiso\Core\Middleware\TransformsRequest->handle()
#5 /var/www/html/core/Middleware/TransformsRequest.php(19): Vietiso\Core\Pipeline\Pipeline->Vietiso\Core\Pipeline\{closure}()
#6 /var/www/html/core/Pipeline/Pipeline.php(29): Vietiso\Core\Middleware\TransformsRequest->handle()
#7 /var/www/html/core/Http/Middleware/HandleException.php(17): Vietiso\Core\Pipeline\Pipeline->Vietiso\Core\Pipeline\{closure}()
#8 /var/www/html/core/Pipeline/Pipeline.php(29): Vietiso\Core\Http\Middleware\HandleException->handle()
#9 /var/www/html/core/Middleware/HandleCors.php(15): Vietiso\Core\Pipeline\Pipeline->Vietiso\Core\Pipeline\{closure}()
#10 /var/www/html/core/Pipeline/Pipeline.php(29): Vietiso\Core\Middleware\HandleCors->handle()
#11 /var/www/html/core/Middleware/TrustProxies.php(49): Vietiso\Core\Pipeline\Pipeline->Vietiso\Core\Pipeline\{closure}()
#12 /var/www/html/core/Pipeline/Pipeline.php(29): Vietiso\Core\Middleware\TrustProxies->handle()
#13 /var/www/html/core/Pipeline/Pipeline.php(81): Vietiso\Core\Pipeline\Pipeline->Vietiso\Core\Pipeline\{closure}()
#14 /var/www/html/core/Route/RouteDispacher.php(70): Vietiso\Core\Pipeline\Pipeline->then()
#15 /var/www/html/core/Server/Events/RequestEvent.php(17): Vietiso\Core\Route\RouteDispacher->handle()
#16 [internal function]: Vietiso\Core\Server\Events\RequestEvent->handle()
#17 {main}  
[2025-05-26T09:32:55.999703+00:00] vietiso.ERROR: Vietiso\Core\ErrorHandler\Exception\DumperException in /var/www/html/core/functions.php:33
Stack trace:
#0 /var/www/html/modules/tour/src/Controllers/TourController.php(89): dd()
#1 /var/www/html/core/Route/RouteDispacher.php(51): Vietiso\Modules\Tour\Controllers\TourController->getListTravelStyle()
#2 /var/www/html/core/Pipeline/Pipeline.php(33): Vietiso\Core\Route\RouteDispacher->Vietiso\Core\Route\{closure}()
#3 /var/www/html/core/Middleware/TransformsRequest.php(19): Vietiso\Core\Pipeline\Pipeline->Vietiso\Core\Pipeline\{closure}()
#4 /var/www/html/core/Pipeline/Pipeline.php(29): Vietiso\Core\Middleware\TransformsRequest->handle()
#5 /var/www/html/core/Middleware/TransformsRequest.php(19): Vietiso\Core\Pipeline\Pipeline->Vietiso\Core\Pipeline\{closure}()
#6 /var/www/html/core/Pipeline/Pipeline.php(29): Vietiso\Core\Middleware\TransformsRequest->handle()
#7 /var/www/html/core/Http/Middleware/HandleException.php(17): Vietiso\Core\Pipeline\Pipeline->Vietiso\Core\Pipeline\{closure}()
#8 /var/www/html/core/Pipeline/Pipeline.php(29): Vietiso\Core\Http\Middleware\HandleException->handle()
#9 /var/www/html/core/Middleware/HandleCors.php(15): Vietiso\Core\Pipeline\Pipeline->Vietiso\Core\Pipeline\{closure}()
#10 /var/www/html/core/Pipeline/Pipeline.php(29): Vietiso\Core\Middleware\HandleCors->handle()
#11 /var/www/html/core/Middleware/TrustProxies.php(49): Vietiso\Core\Pipeline\Pipeline->Vietiso\Core\Pipeline\{closure}()
#12 /var/www/html/core/Pipeline/Pipeline.php(29): Vietiso\Core\Middleware\TrustProxies->handle()
#13 /var/www/html/core/Pipeline/Pipeline.php(81): Vietiso\Core\Pipeline\Pipeline->Vietiso\Core\Pipeline\{closure}()
#14 /var/www/html/core/Route/RouteDispacher.php(70): Vietiso\Core\Pipeline\Pipeline->then()
#15 /var/www/html/core/Server/Events/RequestEvent.php(17): Vietiso\Core\Route\RouteDispacher->handle()
#16 [internal function]: Vietiso\Core\Server\Events\RequestEvent->handle()
#17 {main}  
[2025-05-26T09:33:11.071710+00:00] vietiso.ERROR: Vietiso\Core\ErrorHandler\Exception\DumperException in /var/www/html/core/functions.php:33
Stack trace:
#0 /var/www/html/modules/tour/src/Controllers/TourController.php(89): dd()
#1 /var/www/html/core/Route/RouteDispacher.php(51): Vietiso\Modules\Tour\Controllers\TourController->getListTravelStyle()
#2 /var/www/html/core/Pipeline/Pipeline.php(33): Vietiso\Core\Route\RouteDispacher->Vietiso\Core\Route\{closure}()
#3 /var/www/html/core/Middleware/TransformsRequest.php(19): Vietiso\Core\Pipeline\Pipeline->Vietiso\Core\Pipeline\{closure}()
#4 /var/www/html/core/Pipeline/Pipeline.php(29): Vietiso\Core\Middleware\TransformsRequest->handle()
#5 /var/www/html/core/Middleware/TransformsRequest.php(19): Vietiso\Core\Pipeline\Pipeline->Vietiso\Core\Pipeline\{closure}()
#6 /var/www/html/core/Pipeline/Pipeline.php(29): Vietiso\Core\Middleware\TransformsRequest->handle()
#7 /var/www/html/core/Http/Middleware/HandleException.php(17): Vietiso\Core\Pipeline\Pipeline->Vietiso\Core\Pipeline\{closure}()
#8 /var/www/html/core/Pipeline/Pipeline.php(29): Vietiso\Core\Http\Middleware\HandleException->handle()
#9 /var/www/html/core/Middleware/HandleCors.php(15): Vietiso\Core\Pipeline\Pipeline->Vietiso\Core\Pipeline\{closure}()
#10 /var/www/html/core/Pipeline/Pipeline.php(29): Vietiso\Core\Middleware\HandleCors->handle()
#11 /var/www/html/core/Middleware/TrustProxies.php(49): Vietiso\Core\Pipeline\Pipeline->Vietiso\Core\Pipeline\{closure}()
#12 /var/www/html/core/Pipeline/Pipeline.php(29): Vietiso\Core\Middleware\TrustProxies->handle()
#13 /var/www/html/core/Pipeline/Pipeline.php(81): Vietiso\Core\Pipeline\Pipeline->Vietiso\Core\Pipeline\{closure}()
#14 /var/www/html/core/Route/RouteDispacher.php(70): Vietiso\Core\Pipeline\Pipeline->then()
#15 /var/www/html/core/Server/Events/RequestEvent.php(17): Vietiso\Core\Route\RouteDispacher->handle()
#16 [internal function]: Vietiso\Core\Server\Events\RequestEvent->handle()
#17 {main}  
[2025-05-26T10:02:03.410072+00:00] vietiso.ERROR: PDOException: SQLSTATE[HY093]: Invalid parameter number: number of bound variables does not match number of tokens in /var/www/html/core/Database/Connection.php:67
Stack trace:
#0 /var/www/html/core/Database/Connection.php(67): PDOStatement->execute()
#1 /var/www/html/core/Database/Connection.php(33): Vietiso\Core\Database\Connection->statement()
#2 /var/www/html/core/Database/Query/Builder.php(226): Vietiso\Core\Database\Connection->select()
#3 /var/www/html/core/Database/Query/Builder.php(988): Vietiso\Core\Database\Query\Builder->Vietiso\Core\Database\Query\{closure}()
#4 /var/www/html/core/Database/Query/Builder.php(225): Vietiso\Core\Database\Query\Builder->run()
#5 /var/www/html/core/Database/Query/Builder.php(210): Vietiso\Core\Database\Query\Builder->toArray()
#6 /var/www/html/core/Database/Model/Builder.php(34): Vietiso\Core\Database\Query\Builder->get()
#7 /var/www/html/modules/event/src/Controllers/EventController.php(68): Vietiso\Core\Database\Model\Builder->get()
#8 /var/www/html/core/Route/RouteDispacher.php(51): Vietiso\Modules\Faq\Controllers\EventController->getAllApprovedEvents()
#9 /var/www/html/core/Pipeline/Pipeline.php(33): Vietiso\Core\Route\RouteDispacher->Vietiso\Core\Route\{closure}()
#10 /var/www/html/core/Middleware/TransformsRequest.php(19): Vietiso\Core\Pipeline\Pipeline->Vietiso\Core\Pipeline\{closure}()
#11 /var/www/html/core/Pipeline/Pipeline.php(29): Vietiso\Core\Middleware\TransformsRequest->handle()
#12 /var/www/html/core/Middleware/TransformsRequest.php(19): Vietiso\Core\Pipeline\Pipeline->Vietiso\Core\Pipeline\{closure}()
#13 /var/www/html/core/Pipeline/Pipeline.php(29): Vietiso\Core\Middleware\TransformsRequest->handle()
#14 /var/www/html/core/Http/Middleware/HandleException.php(17): Vietiso\Core\Pipeline\Pipeline->Vietiso\Core\Pipeline\{closure}()
#15 /var/www/html/core/Pipeline/Pipeline.php(29): Vietiso\Core\Http\Middleware\HandleException->handle()
#16 /var/www/html/core/Middleware/HandleCors.php(15): Vietiso\Core\Pipeline\Pipeline->Vietiso\Core\Pipeline\{closure}()
#17 /var/www/html/core/Pipeline/Pipeline.php(29): Vietiso\Core\Middleware\HandleCors->handle()
#18 /var/www/html/core/Middleware/TrustProxies.php(49): Vietiso\Core\Pipeline\Pipeline->Vietiso\Core\Pipeline\{closure}()
#19 /var/www/html/core/Pipeline/Pipeline.php(29): Vietiso\Core\Middleware\TrustProxies->handle()
#20 /var/www/html/core/Pipeline/Pipeline.php(81): Vietiso\Core\Pipeline\Pipeline->Vietiso\Core\Pipeline\{closure}()
#21 /var/www/html/core/Route/RouteDispacher.php(70): Vietiso\Core\Pipeline\Pipeline->then()
#22 /var/www/html/core/Server/Events/RequestEvent.php(17): Vietiso\Core\Route\RouteDispacher->handle()
#23 [internal function]: Vietiso\Core\Server\Events\RequestEvent->handle()
#24 {main}  
[2025-05-26T10:02:28.047012+00:00] vietiso.ERROR: PDOException: SQLSTATE[HY093]: Invalid parameter number: number of bound variables does not match number of tokens in /var/www/html/core/Database/Connection.php:67
Stack trace:
#0 /var/www/html/core/Database/Connection.php(67): PDOStatement->execute()
#1 /var/www/html/core/Database/Connection.php(33): Vietiso\Core\Database\Connection->statement()
#2 /var/www/html/core/Database/Query/Builder.php(226): Vietiso\Core\Database\Connection->select()
#3 /var/www/html/core/Database/Query/Builder.php(988): Vietiso\Core\Database\Query\Builder->Vietiso\Core\Database\Query\{closure}()
#4 /var/www/html/core/Database/Query/Builder.php(225): Vietiso\Core\Database\Query\Builder->run()
#5 /var/www/html/core/Database/Query/Builder.php(210): Vietiso\Core\Database\Query\Builder->toArray()
#6 /var/www/html/core/Database/Model/Builder.php(34): Vietiso\Core\Database\Query\Builder->get()
#7 /var/www/html/modules/event/src/Controllers/EventController.php(68): Vietiso\Core\Database\Model\Builder->get()
#8 /var/www/html/core/Route/RouteDispacher.php(51): Vietiso\Modules\Faq\Controllers\EventController->getAllApprovedEvents()
#9 /var/www/html/core/Pipeline/Pipeline.php(33): Vietiso\Core\Route\RouteDispacher->Vietiso\Core\Route\{closure}()
#10 /var/www/html/core/Middleware/TransformsRequest.php(19): Vietiso\Core\Pipeline\Pipeline->Vietiso\Core\Pipeline\{closure}()
#11 /var/www/html/core/Pipeline/Pipeline.php(29): Vietiso\Core\Middleware\TransformsRequest->handle()
#12 /var/www/html/core/Middleware/TransformsRequest.php(19): Vietiso\Core\Pipeline\Pipeline->Vietiso\Core\Pipeline\{closure}()
#13 /var/www/html/core/Pipeline/Pipeline.php(29): Vietiso\Core\Middleware\TransformsRequest->handle()
#14 /var/www/html/core/Http/Middleware/HandleException.php(17): Vietiso\Core\Pipeline\Pipeline->Vietiso\Core\Pipeline\{closure}()
#15 /var/www/html/core/Pipeline/Pipeline.php(29): Vietiso\Core\Http\Middleware\HandleException->handle()
#16 /var/www/html/core/Middleware/HandleCors.php(15): Vietiso\Core\Pipeline\Pipeline->Vietiso\Core\Pipeline\{closure}()
#17 /var/www/html/core/Pipeline/Pipeline.php(29): Vietiso\Core\Middleware\HandleCors->handle()
#18 /var/www/html/core/Middleware/TrustProxies.php(49): Vietiso\Core\Pipeline\Pipeline->Vietiso\Core\Pipeline\{closure}()
#19 /var/www/html/core/Pipeline/Pipeline.php(29): Vietiso\Core\Middleware\TrustProxies->handle()
#20 /var/www/html/core/Pipeline/Pipeline.php(81): Vietiso\Core\Pipeline\Pipeline->Vietiso\Core\Pipeline\{closure}()
#21 /var/www/html/core/Route/RouteDispacher.php(70): Vietiso\Core\Pipeline\Pipeline->then()
#22 /var/www/html/core/Server/Events/RequestEvent.php(17): Vietiso\Core\Route\RouteDispacher->handle()
#23 [internal function]: Vietiso\Core\Server\Events\RequestEvent->handle()
#24 {main}  
[2025-05-26T10:05:24.287099+00:00] vietiso.ERROR: PDOException: SQLSTATE[HY093]: Invalid parameter number: number of bound variables does not match number of tokens in /var/www/html/core/Database/Connection.php:67
Stack trace:
#0 /var/www/html/core/Database/Connection.php(67): PDOStatement->execute()
#1 /var/www/html/core/Database/Connection.php(33): Vietiso\Core\Database\Connection->statement()
#2 /var/www/html/core/Database/Query/Builder.php(226): Vietiso\Core\Database\Connection->select()
#3 /var/www/html/core/Database/Query/Builder.php(988): Vietiso\Core\Database\Query\Builder->Vietiso\Core\Database\Query\{closure}()
#4 /var/www/html/core/Database/Query/Builder.php(225): Vietiso\Core\Database\Query\Builder->run()
#5 /var/www/html/core/Database/Query/Builder.php(210): Vietiso\Core\Database\Query\Builder->toArray()
#6 /var/www/html/core/Database/Model/Builder.php(34): Vietiso\Core\Database\Query\Builder->get()
#7 /var/www/html/modules/event/src/Controllers/EventController.php(68): Vietiso\Core\Database\Model\Builder->get()
#8 /var/www/html/core/Route/RouteDispacher.php(51): Vietiso\Modules\Faq\Controllers\EventController->getAllApprovedEvents()
#9 /var/www/html/core/Pipeline/Pipeline.php(33): Vietiso\Core\Route\RouteDispacher->Vietiso\Core\Route\{closure}()
#10 /var/www/html/core/Middleware/TransformsRequest.php(19): Vietiso\Core\Pipeline\Pipeline->Vietiso\Core\Pipeline\{closure}()
#11 /var/www/html/core/Pipeline/Pipeline.php(29): Vietiso\Core\Middleware\TransformsRequest->handle()
#12 /var/www/html/core/Middleware/TransformsRequest.php(19): Vietiso\Core\Pipeline\Pipeline->Vietiso\Core\Pipeline\{closure}()
#13 /var/www/html/core/Pipeline/Pipeline.php(29): Vietiso\Core\Middleware\TransformsRequest->handle()
#14 /var/www/html/core/Http/Middleware/HandleException.php(17): Vietiso\Core\Pipeline\Pipeline->Vietiso\Core\Pipeline\{closure}()
#15 /var/www/html/core/Pipeline/Pipeline.php(29): Vietiso\Core\Http\Middleware\HandleException->handle()
#16 /var/www/html/core/Middleware/HandleCors.php(15): Vietiso\Core\Pipeline\Pipeline->Vietiso\Core\Pipeline\{closure}()
#17 /var/www/html/core/Pipeline/Pipeline.php(29): Vietiso\Core\Middleware\HandleCors->handle()
#18 /var/www/html/core/Middleware/TrustProxies.php(49): Vietiso\Core\Pipeline\Pipeline->Vietiso\Core\Pipeline\{closure}()
#19 /var/www/html/core/Pipeline/Pipeline.php(29): Vietiso\Core\Middleware\TrustProxies->handle()
#20 /var/www/html/core/Pipeline/Pipeline.php(81): Vietiso\Core\Pipeline\Pipeline->Vietiso\Core\Pipeline\{closure}()
#21 /var/www/html/core/Route/RouteDispacher.php(70): Vietiso\Core\Pipeline\Pipeline->then()
#22 /var/www/html/core/Server/Events/RequestEvent.php(17): Vietiso\Core\Route\RouteDispacher->handle()
#23 [internal function]: Vietiso\Core\Server\Events\RequestEvent->handle()
#24 {main}  
[2025-05-26T10:05:24.566628+00:00] vietiso.ERROR: PDOException: SQLSTATE[HY093]: Invalid parameter number: number of bound variables does not match number of tokens in /var/www/html/core/Database/Connection.php:67
Stack trace:
#0 /var/www/html/core/Database/Connection.php(67): PDOStatement->execute()
#1 /var/www/html/core/Database/Connection.php(33): Vietiso\Core\Database\Connection->statement()
#2 /var/www/html/core/Database/Query/Builder.php(226): Vietiso\Core\Database\Connection->select()
#3 /var/www/html/core/Database/Query/Builder.php(988): Vietiso\Core\Database\Query\Builder->Vietiso\Core\Database\Query\{closure}()
#4 /var/www/html/core/Database/Query/Builder.php(225): Vietiso\Core\Database\Query\Builder->run()
#5 /var/www/html/core/Database/Query/Builder.php(210): Vietiso\Core\Database\Query\Builder->toArray()
#6 /var/www/html/core/Database/Model/Builder.php(34): Vietiso\Core\Database\Query\Builder->get()
#7 /var/www/html/modules/event/src/Controllers/EventController.php(68): Vietiso\Core\Database\Model\Builder->get()
#8 /var/www/html/core/Route/RouteDispacher.php(51): Vietiso\Modules\Faq\Controllers\EventController->getAllApprovedEvents()
#9 /var/www/html/core/Pipeline/Pipeline.php(33): Vietiso\Core\Route\RouteDispacher->Vietiso\Core\Route\{closure}()
#10 /var/www/html/core/Middleware/TransformsRequest.php(19): Vietiso\Core\Pipeline\Pipeline->Vietiso\Core\Pipeline\{closure}()
#11 /var/www/html/core/Pipeline/Pipeline.php(29): Vietiso\Core\Middleware\TransformsRequest->handle()
#12 /var/www/html/core/Middleware/TransformsRequest.php(19): Vietiso\Core\Pipeline\Pipeline->Vietiso\Core\Pipeline\{closure}()
#13 /var/www/html/core/Pipeline/Pipeline.php(29): Vietiso\Core\Middleware\TransformsRequest->handle()
#14 /var/www/html/core/Http/Middleware/HandleException.php(17): Vietiso\Core\Pipeline\Pipeline->Vietiso\Core\Pipeline\{closure}()
#15 /var/www/html/core/Pipeline/Pipeline.php(29): Vietiso\Core\Http\Middleware\HandleException->handle()
#16 /var/www/html/core/Middleware/HandleCors.php(15): Vietiso\Core\Pipeline\Pipeline->Vietiso\Core\Pipeline\{closure}()
#17 /var/www/html/core/Pipeline/Pipeline.php(29): Vietiso\Core\Middleware\HandleCors->handle()
#18 /var/www/html/core/Middleware/TrustProxies.php(49): Vietiso\Core\Pipeline\Pipeline->Vietiso\Core\Pipeline\{closure}()
#19 /var/www/html/core/Pipeline/Pipeline.php(29): Vietiso\Core\Middleware\TrustProxies->handle()
#20 /var/www/html/core/Pipeline/Pipeline.php(81): Vietiso\Core\Pipeline\Pipeline->Vietiso\Core\Pipeline\{closure}()
#21 /var/www/html/core/Route/RouteDispacher.php(70): Vietiso\Core\Pipeline\Pipeline->then()
#22 /var/www/html/core/Server/Events/RequestEvent.php(17): Vietiso\Core\Route\RouteDispacher->handle()
#23 [internal function]: Vietiso\Core\Server\Events\RequestEvent->handle()
#24 {main}  
[2025-05-26T10:05:51.804733+00:00] vietiso.ERROR: PDOException: SQLSTATE[HY093]: Invalid parameter number: number of bound variables does not match number of tokens in /var/www/html/core/Database/Connection.php:67
Stack trace:
#0 /var/www/html/core/Database/Connection.php(67): PDOStatement->execute()
#1 /var/www/html/core/Database/Connection.php(33): Vietiso\Core\Database\Connection->statement()
#2 /var/www/html/core/Database/Query/Builder.php(226): Vietiso\Core\Database\Connection->select()
#3 /var/www/html/core/Database/Query/Builder.php(988): Vietiso\Core\Database\Query\Builder->Vietiso\Core\Database\Query\{closure}()
#4 /var/www/html/core/Database/Query/Builder.php(225): Vietiso\Core\Database\Query\Builder->run()
#5 /var/www/html/core/Database/Query/Builder.php(210): Vietiso\Core\Database\Query\Builder->toArray()
#6 /var/www/html/core/Database/Model/Builder.php(34): Vietiso\Core\Database\Query\Builder->get()
#7 /var/www/html/modules/event/src/Controllers/EventController.php(68): Vietiso\Core\Database\Model\Builder->get()
#8 /var/www/html/core/Route/RouteDispacher.php(51): Vietiso\Modules\Faq\Controllers\EventController->getAllApprovedEvents()
#9 /var/www/html/core/Pipeline/Pipeline.php(33): Vietiso\Core\Route\RouteDispacher->Vietiso\Core\Route\{closure}()
#10 /var/www/html/core/Middleware/TransformsRequest.php(19): Vietiso\Core\Pipeline\Pipeline->Vietiso\Core\Pipeline\{closure}()
#11 /var/www/html/core/Pipeline/Pipeline.php(29): Vietiso\Core\Middleware\TransformsRequest->handle()
#12 /var/www/html/core/Middleware/TransformsRequest.php(19): Vietiso\Core\Pipeline\Pipeline->Vietiso\Core\Pipeline\{closure}()
#13 /var/www/html/core/Pipeline/Pipeline.php(29): Vietiso\Core\Middleware\TransformsRequest->handle()
#14 /var/www/html/core/Http/Middleware/HandleException.php(17): Vietiso\Core\Pipeline\Pipeline->Vietiso\Core\Pipeline\{closure}()
#15 /var/www/html/core/Pipeline/Pipeline.php(29): Vietiso\Core\Http\Middleware\HandleException->handle()
#16 /var/www/html/core/Middleware/HandleCors.php(15): Vietiso\Core\Pipeline\Pipeline->Vietiso\Core\Pipeline\{closure}()
#17 /var/www/html/core/Pipeline/Pipeline.php(29): Vietiso\Core\Middleware\HandleCors->handle()
#18 /var/www/html/core/Middleware/TrustProxies.php(49): Vietiso\Core\Pipeline\Pipeline->Vietiso\Core\Pipeline\{closure}()
#19 /var/www/html/core/Pipeline/Pipeline.php(29): Vietiso\Core\Middleware\TrustProxies->handle()
#20 /var/www/html/core/Pipeline/Pipeline.php(81): Vietiso\Core\Pipeline\Pipeline->Vietiso\Core\Pipeline\{closure}()
#21 /var/www/html/core/Route/RouteDispacher.php(70): Vietiso\Core\Pipeline\Pipeline->then()
#22 /var/www/html/core/Server/Events/RequestEvent.php(17): Vietiso\Core\Route\RouteDispacher->handle()
#23 [internal function]: Vietiso\Core\Server\Events\RequestEvent->handle()
#24 {main}  
[2025-05-26T10:05:51.946676+00:00] vietiso.ERROR: PDOException: SQLSTATE[HY093]: Invalid parameter number: number of bound variables does not match number of tokens in /var/www/html/core/Database/Connection.php:67
Stack trace:
#0 /var/www/html/core/Database/Connection.php(67): PDOStatement->execute()
#1 /var/www/html/core/Database/Connection.php(33): Vietiso\Core\Database\Connection->statement()
#2 /var/www/html/core/Database/Query/Builder.php(226): Vietiso\Core\Database\Connection->select()
#3 /var/www/html/core/Database/Query/Builder.php(988): Vietiso\Core\Database\Query\Builder->Vietiso\Core\Database\Query\{closure}()
#4 /var/www/html/core/Database/Query/Builder.php(225): Vietiso\Core\Database\Query\Builder->run()
#5 /var/www/html/core/Database/Query/Builder.php(210): Vietiso\Core\Database\Query\Builder->toArray()
#6 /var/www/html/core/Database/Model/Builder.php(34): Vietiso\Core\Database\Query\Builder->get()
#7 /var/www/html/modules/event/src/Controllers/EventController.php(68): Vietiso\Core\Database\Model\Builder->get()
#8 /var/www/html/core/Route/RouteDispacher.php(51): Vietiso\Modules\Faq\Controllers\EventController->getAllApprovedEvents()
#9 /var/www/html/core/Pipeline/Pipeline.php(33): Vietiso\Core\Route\RouteDispacher->Vietiso\Core\Route\{closure}()
#10 /var/www/html/core/Middleware/TransformsRequest.php(19): Vietiso\Core\Pipeline\Pipeline->Vietiso\Core\Pipeline\{closure}()
#11 /var/www/html/core/Pipeline/Pipeline.php(29): Vietiso\Core\Middleware\TransformsRequest->handle()
#12 /var/www/html/core/Middleware/TransformsRequest.php(19): Vietiso\Core\Pipeline\Pipeline->Vietiso\Core\Pipeline\{closure}()
#13 /var/www/html/core/Pipeline/Pipeline.php(29): Vietiso\Core\Middleware\TransformsRequest->handle()
#14 /var/www/html/core/Http/Middleware/HandleException.php(17): Vietiso\Core\Pipeline\Pipeline->Vietiso\Core\Pipeline\{closure}()
#15 /var/www/html/core/Pipeline/Pipeline.php(29): Vietiso\Core\Http\Middleware\HandleException->handle()
#16 /var/www/html/core/Middleware/HandleCors.php(15): Vietiso\Core\Pipeline\Pipeline->Vietiso\Core\Pipeline\{closure}()
#17 /var/www/html/core/Pipeline/Pipeline.php(29): Vietiso\Core\Middleware\HandleCors->handle()
#18 /var/www/html/core/Middleware/TrustProxies.php(49): Vietiso\Core\Pipeline\Pipeline->Vietiso\Core\Pipeline\{closure}()
#19 /var/www/html/core/Pipeline/Pipeline.php(29): Vietiso\Core\Middleware\TrustProxies->handle()
#20 /var/www/html/core/Pipeline/Pipeline.php(81): Vietiso\Core\Pipeline\Pipeline->Vietiso\Core\Pipeline\{closure}()
#21 /var/www/html/core/Route/RouteDispacher.php(70): Vietiso\Core\Pipeline\Pipeline->then()
#22 /var/www/html/core/Server/Events/RequestEvent.php(17): Vietiso\Core\Route\RouteDispacher->handle()
#23 [internal function]: Vietiso\Core\Server\Events\RequestEvent->handle()
#24 {main}  
[2025-05-26T10:15:29.305957+00:00] vietiso.ERROR: Vietiso\Core\ErrorHandler\Exception\DumperException in /var/www/html/core/functions.php:33
Stack trace:
#0 /var/www/html/modules/tour/src/Controllers/TourController.php(53): dd()
#1 /var/www/html/core/Route/RouteDispacher.php(51): Vietiso\Modules\Tour\Controllers\TourController->getAllItineraries()
#2 /var/www/html/core/Pipeline/Pipeline.php(33): Vietiso\Core\Route\RouteDispacher->Vietiso\Core\Route\{closure}()
#3 /var/www/html/core/Middleware/TransformsRequest.php(19): Vietiso\Core\Pipeline\Pipeline->Vietiso\Core\Pipeline\{closure}()
#4 /var/www/html/core/Pipeline/Pipeline.php(29): Vietiso\Core\Middleware\TransformsRequest->handle()
#5 /var/www/html/core/Middleware/TransformsRequest.php(19): Vietiso\Core\Pipeline\Pipeline->Vietiso\Core\Pipeline\{closure}()
#6 /var/www/html/core/Pipeline/Pipeline.php(29): Vietiso\Core\Middleware\TransformsRequest->handle()
#7 /var/www/html/core/Http/Middleware/HandleException.php(17): Vietiso\Core\Pipeline\Pipeline->Vietiso\Core\Pipeline\{closure}()
#8 /var/www/html/core/Pipeline/Pipeline.php(29): Vietiso\Core\Http\Middleware\HandleException->handle()
#9 /var/www/html/core/Middleware/HandleCors.php(15): Vietiso\Core\Pipeline\Pipeline->Vietiso\Core\Pipeline\{closure}()
#10 /var/www/html/core/Pipeline/Pipeline.php(29): Vietiso\Core\Middleware\HandleCors->handle()
#11 /var/www/html/core/Middleware/TrustProxies.php(49): Vietiso\Core\Pipeline\Pipeline->Vietiso\Core\Pipeline\{closure}()
#12 /var/www/html/core/Pipeline/Pipeline.php(29): Vietiso\Core\Middleware\TrustProxies->handle()
#13 /var/www/html/core/Pipeline/Pipeline.php(81): Vietiso\Core\Pipeline\Pipeline->Vietiso\Core\Pipeline\{closure}()
#14 /var/www/html/core/Route/RouteDispacher.php(70): Vietiso\Core\Pipeline\Pipeline->then()
#15 /var/www/html/core/Server/Events/RequestEvent.php(17): Vietiso\Core\Route\RouteDispacher->handle()
#16 [internal function]: Vietiso\Core\Server\Events\RequestEvent->handle()
#17 {main}  
[2025-05-26T10:15:36.352752+00:00] vietiso.ERROR: Vietiso\Core\ErrorHandler\Exception\DumperException in /var/www/html/core/functions.php:33
Stack trace:
#0 /var/www/html/modules/tour/src/Controllers/TourController.php(53): dd()
#1 /var/www/html/core/Route/RouteDispacher.php(51): Vietiso\Modules\Tour\Controllers\TourController->getAllItineraries()
#2 /var/www/html/core/Pipeline/Pipeline.php(33): Vietiso\Core\Route\RouteDispacher->Vietiso\Core\Route\{closure}()
#3 /var/www/html/core/Middleware/TransformsRequest.php(19): Vietiso\Core\Pipeline\Pipeline->Vietiso\Core\Pipeline\{closure}()
#4 /var/www/html/core/Pipeline/Pipeline.php(29): Vietiso\Core\Middleware\TransformsRequest->handle()
#5 /var/www/html/core/Middleware/TransformsRequest.php(19): Vietiso\Core\Pipeline\Pipeline->Vietiso\Core\Pipeline\{closure}()
#6 /var/www/html/core/Pipeline/Pipeline.php(29): Vietiso\Core\Middleware\TransformsRequest->handle()
#7 /var/www/html/core/Http/Middleware/HandleException.php(17): Vietiso\Core\Pipeline\Pipeline->Vietiso\Core\Pipeline\{closure}()
#8 /var/www/html/core/Pipeline/Pipeline.php(29): Vietiso\Core\Http\Middleware\HandleException->handle()
#9 /var/www/html/core/Middleware/HandleCors.php(15): Vietiso\Core\Pipeline\Pipeline->Vietiso\Core\Pipeline\{closure}()
#10 /var/www/html/core/Pipeline/Pipeline.php(29): Vietiso\Core\Middleware\HandleCors->handle()
#11 /var/www/html/core/Middleware/TrustProxies.php(49): Vietiso\Core\Pipeline\Pipeline->Vietiso\Core\Pipeline\{closure}()
#12 /var/www/html/core/Pipeline/Pipeline.php(29): Vietiso\Core\Middleware\TrustProxies->handle()
#13 /var/www/html/core/Pipeline/Pipeline.php(81): Vietiso\Core\Pipeline\Pipeline->Vietiso\Core\Pipeline\{closure}()
#14 /var/www/html/core/Route/RouteDispacher.php(70): Vietiso\Core\Pipeline\Pipeline->then()
#15 /var/www/html/core/Server/Events/RequestEvent.php(17): Vietiso\Core\Route\RouteDispacher->handle()
#16 [internal function]: Vietiso\Core\Server\Events\RequestEvent->handle()
#17 {main}  
[2025-05-26T10:15:50.784557+00:00] vietiso.ERROR: Error: Cannot use object of type Vietiso\Core\HttpClient\Response as array in /var/www/html/modules/tour/src/Controllers/TourController.php:53
Stack trace:
#0 /var/www/html/core/Route/RouteDispacher.php(51): Vietiso\Modules\Tour\Controllers\TourController->getAllItineraries()
#1 /var/www/html/core/Pipeline/Pipeline.php(33): Vietiso\Core\Route\RouteDispacher->Vietiso\Core\Route\{closure}()
#2 /var/www/html/core/Middleware/TransformsRequest.php(19): Vietiso\Core\Pipeline\Pipeline->Vietiso\Core\Pipeline\{closure}()
#3 /var/www/html/core/Pipeline/Pipeline.php(29): Vietiso\Core\Middleware\TransformsRequest->handle()
#4 /var/www/html/core/Middleware/TransformsRequest.php(19): Vietiso\Core\Pipeline\Pipeline->Vietiso\Core\Pipeline\{closure}()
#5 /var/www/html/core/Pipeline/Pipeline.php(29): Vietiso\Core\Middleware\TransformsRequest->handle()
#6 /var/www/html/core/Http/Middleware/HandleException.php(17): Vietiso\Core\Pipeline\Pipeline->Vietiso\Core\Pipeline\{closure}()
#7 /var/www/html/core/Pipeline/Pipeline.php(29): Vietiso\Core\Http\Middleware\HandleException->handle()
#8 /var/www/html/core/Middleware/HandleCors.php(15): Vietiso\Core\Pipeline\Pipeline->Vietiso\Core\Pipeline\{closure}()
#9 /var/www/html/core/Pipeline/Pipeline.php(29): Vietiso\Core\Middleware\HandleCors->handle()
#10 /var/www/html/core/Middleware/TrustProxies.php(49): Vietiso\Core\Pipeline\Pipeline->Vietiso\Core\Pipeline\{closure}()
#11 /var/www/html/core/Pipeline/Pipeline.php(29): Vietiso\Core\Middleware\TrustProxies->handle()
#12 /var/www/html/core/Pipeline/Pipeline.php(81): Vietiso\Core\Pipeline\Pipeline->Vietiso\Core\Pipeline\{closure}()
#13 /var/www/html/core/Route/RouteDispacher.php(70): Vietiso\Core\Pipeline\Pipeline->then()
#14 /var/www/html/core/Server/Events/RequestEvent.php(17): Vietiso\Core\Route\RouteDispacher->handle()
#15 [internal function]: Vietiso\Core\Server\Events\RequestEvent->handle()
#16 {main}  
[2025-05-26T10:16:28.343713+00:00] vietiso.ERROR: Error: Cannot use object of type Vietiso\Core\HttpClient\Response as array in /var/www/html/modules/tour/src/Controllers/TourController.php:53
Stack trace:
#0 /var/www/html/core/Route/RouteDispacher.php(51): Vietiso\Modules\Tour\Controllers\TourController->getAllItineraries()
#1 /var/www/html/core/Pipeline/Pipeline.php(33): Vietiso\Core\Route\RouteDispacher->Vietiso\Core\Route\{closure}()
#2 /var/www/html/core/Middleware/TransformsRequest.php(19): Vietiso\Core\Pipeline\Pipeline->Vietiso\Core\Pipeline\{closure}()
#3 /var/www/html/core/Pipeline/Pipeline.php(29): Vietiso\Core\Middleware\TransformsRequest->handle()
#4 /var/www/html/core/Middleware/TransformsRequest.php(19): Vietiso\Core\Pipeline\Pipeline->Vietiso\Core\Pipeline\{closure}()
#5 /var/www/html/core/Pipeline/Pipeline.php(29): Vietiso\Core\Middleware\TransformsRequest->handle()
#6 /var/www/html/core/Http/Middleware/HandleException.php(17): Vietiso\Core\Pipeline\Pipeline->Vietiso\Core\Pipeline\{closure}()
#7 /var/www/html/core/Pipeline/Pipeline.php(29): Vietiso\Core\Http\Middleware\HandleException->handle()
#8 /var/www/html/core/Middleware/HandleCors.php(15): Vietiso\Core\Pipeline\Pipeline->Vietiso\Core\Pipeline\{closure}()
#9 /var/www/html/core/Pipeline/Pipeline.php(29): Vietiso\Core\Middleware\HandleCors->handle()
#10 /var/www/html/core/Middleware/TrustProxies.php(49): Vietiso\Core\Pipeline\Pipeline->Vietiso\Core\Pipeline\{closure}()
#11 /var/www/html/core/Pipeline/Pipeline.php(29): Vietiso\Core\Middleware\TrustProxies->handle()
#12 /var/www/html/core/Pipeline/Pipeline.php(81): Vietiso\Core\Pipeline\Pipeline->Vietiso\Core\Pipeline\{closure}()
#13 /var/www/html/core/Route/RouteDispacher.php(70): Vietiso\Core\Pipeline\Pipeline->then()
#14 /var/www/html/core/Server/Events/RequestEvent.php(17): Vietiso\Core\Route\RouteDispacher->handle()
#15 [internal function]: Vietiso\Core\Server\Events\RequestEvent->handle()
#16 {main}  
[2025-05-26T10:20:31.594305+00:00] vietiso.ERROR: Error: Cannot use object of type Vietiso\Core\HttpClient\Response as array in /var/www/html/modules/tour/src/Controllers/TourController.php:53
Stack trace:
#0 /var/www/html/core/Route/RouteDispacher.php(51): Vietiso\Modules\Tour\Controllers\TourController->getAllItineraries()
#1 /var/www/html/core/Pipeline/Pipeline.php(33): Vietiso\Core\Route\RouteDispacher->Vietiso\Core\Route\{closure}()
#2 /var/www/html/core/Middleware/TransformsRequest.php(19): Vietiso\Core\Pipeline\Pipeline->Vietiso\Core\Pipeline\{closure}()
#3 /var/www/html/core/Pipeline/Pipeline.php(29): Vietiso\Core\Middleware\TransformsRequest->handle()
#4 /var/www/html/core/Middleware/TransformsRequest.php(19): Vietiso\Core\Pipeline\Pipeline->Vietiso\Core\Pipeline\{closure}()
#5 /var/www/html/core/Pipeline/Pipeline.php(29): Vietiso\Core\Middleware\TransformsRequest->handle()
#6 /var/www/html/core/Http/Middleware/HandleException.php(17): Vietiso\Core\Pipeline\Pipeline->Vietiso\Core\Pipeline\{closure}()
#7 /var/www/html/core/Pipeline/Pipeline.php(29): Vietiso\Core\Http\Middleware\HandleException->handle()
#8 /var/www/html/core/Middleware/HandleCors.php(15): Vietiso\Core\Pipeline\Pipeline->Vietiso\Core\Pipeline\{closure}()
#9 /var/www/html/core/Pipeline/Pipeline.php(29): Vietiso\Core\Middleware\HandleCors->handle()
#10 /var/www/html/core/Middleware/TrustProxies.php(49): Vietiso\Core\Pipeline\Pipeline->Vietiso\Core\Pipeline\{closure}()
#11 /var/www/html/core/Pipeline/Pipeline.php(29): Vietiso\Core\Middleware\TrustProxies->handle()
#12 /var/www/html/core/Pipeline/Pipeline.php(81): Vietiso\Core\Pipeline\Pipeline->Vietiso\Core\Pipeline\{closure}()
#13 /var/www/html/core/Route/RouteDispacher.php(70): Vietiso\Core\Pipeline\Pipeline->then()
#14 /var/www/html/core/Server/Events/RequestEvent.php(17): Vietiso\Core\Route\RouteDispacher->handle()
#15 [internal function]: Vietiso\Core\Server\Events\RequestEvent->handle()
#16 {main}  
[2025-05-26T10:21:00.716891+00:00] vietiso.ERROR: Error: Cannot use object of type Vietiso\Core\HttpClient\Response as array in /var/www/html/modules/tour/src/Controllers/TourController.php:53
Stack trace:
#0 /var/www/html/core/Route/RouteDispacher.php(51): Vietiso\Modules\Tour\Controllers\TourController->getAllItineraries()
#1 /var/www/html/core/Pipeline/Pipeline.php(33): Vietiso\Core\Route\RouteDispacher->Vietiso\Core\Route\{closure}()
#2 /var/www/html/core/Middleware/TransformsRequest.php(19): Vietiso\Core\Pipeline\Pipeline->Vietiso\Core\Pipeline\{closure}()
#3 /var/www/html/core/Pipeline/Pipeline.php(29): Vietiso\Core\Middleware\TransformsRequest->handle()
#4 /var/www/html/core/Middleware/TransformsRequest.php(19): Vietiso\Core\Pipeline\Pipeline->Vietiso\Core\Pipeline\{closure}()
#5 /var/www/html/core/Pipeline/Pipeline.php(29): Vietiso\Core\Middleware\TransformsRequest->handle()
#6 /var/www/html/core/Http/Middleware/HandleException.php(17): Vietiso\Core\Pipeline\Pipeline->Vietiso\Core\Pipeline\{closure}()
#7 /var/www/html/core/Pipeline/Pipeline.php(29): Vietiso\Core\Http\Middleware\HandleException->handle()
#8 /var/www/html/core/Middleware/HandleCors.php(15): Vietiso\Core\Pipeline\Pipeline->Vietiso\Core\Pipeline\{closure}()
#9 /var/www/html/core/Pipeline/Pipeline.php(29): Vietiso\Core\Middleware\HandleCors->handle()
#10 /var/www/html/core/Middleware/TrustProxies.php(49): Vietiso\Core\Pipeline\Pipeline->Vietiso\Core\Pipeline\{closure}()
#11 /var/www/html/core/Pipeline/Pipeline.php(29): Vietiso\Core\Middleware\TrustProxies->handle()
#12 /var/www/html/core/Pipeline/Pipeline.php(81): Vietiso\Core\Pipeline\Pipeline->Vietiso\Core\Pipeline\{closure}()
#13 /var/www/html/core/Route/RouteDispacher.php(70): Vietiso\Core\Pipeline\Pipeline->then()
#14 /var/www/html/core/Server/Events/RequestEvent.php(17): Vietiso\Core\Route\RouteDispacher->handle()
#15 [internal function]: Vietiso\Core\Server\Events\RequestEvent->handle()
#16 {main}  
[2025-05-26T10:21:28.185814+00:00] vietiso.ERROR: Error: Cannot use object of type Vietiso\Core\HttpClient\Response as array in /var/www/html/modules/tour/src/Controllers/TourController.php:53
Stack trace:
#0 /var/www/html/core/Route/RouteDispacher.php(51): Vietiso\Modules\Tour\Controllers\TourController->getAllItineraries()
#1 /var/www/html/core/Pipeline/Pipeline.php(33): Vietiso\Core\Route\RouteDispacher->Vietiso\Core\Route\{closure}()
#2 /var/www/html/core/Middleware/TransformsRequest.php(19): Vietiso\Core\Pipeline\Pipeline->Vietiso\Core\Pipeline\{closure}()
#3 /var/www/html/core/Pipeline/Pipeline.php(29): Vietiso\Core\Middleware\TransformsRequest->handle()
#4 /var/www/html/core/Middleware/TransformsRequest.php(19): Vietiso\Core\Pipeline\Pipeline->Vietiso\Core\Pipeline\{closure}()
#5 /var/www/html/core/Pipeline/Pipeline.php(29): Vietiso\Core\Middleware\TransformsRequest->handle()
#6 /var/www/html/core/Http/Middleware/HandleException.php(17): Vietiso\Core\Pipeline\Pipeline->Vietiso\Core\Pipeline\{closure}()
#7 /var/www/html/core/Pipeline/Pipeline.php(29): Vietiso\Core\Http\Middleware\HandleException->handle()
#8 /var/www/html/core/Middleware/HandleCors.php(15): Vietiso\Core\Pipeline\Pipeline->Vietiso\Core\Pipeline\{closure}()
#9 /var/www/html/core/Pipeline/Pipeline.php(29): Vietiso\Core\Middleware\HandleCors->handle()
#10 /var/www/html/core/Middleware/TrustProxies.php(49): Vietiso\Core\Pipeline\Pipeline->Vietiso\Core\Pipeline\{closure}()
#11 /var/www/html/core/Pipeline/Pipeline.php(29): Vietiso\Core\Middleware\TrustProxies->handle()
#12 /var/www/html/core/Pipeline/Pipeline.php(81): Vietiso\Core\Pipeline\Pipeline->Vietiso\Core\Pipeline\{closure}()
#13 /var/www/html/core/Route/RouteDispacher.php(70): Vietiso\Core\Pipeline\Pipeline->then()
#14 /var/www/html/core/Server/Events/RequestEvent.php(17): Vietiso\Core\Route\RouteDispacher->handle()
#15 [internal function]: Vietiso\Core\Server\Events\RequestEvent->handle()
#16 {main}  
[2025-05-26T10:21:53.946963+00:00] vietiso.ERROR: Error: Cannot use object of type Vietiso\Core\HttpClient\Response as array in /var/www/html/modules/tour/src/Controllers/TourController.php:53
Stack trace:
#0 /var/www/html/core/Route/RouteDispacher.php(51): Vietiso\Modules\Tour\Controllers\TourController->getAllItineraries()
#1 /var/www/html/core/Pipeline/Pipeline.php(33): Vietiso\Core\Route\RouteDispacher->Vietiso\Core\Route\{closure}()
#2 /var/www/html/core/Middleware/TransformsRequest.php(19): Vietiso\Core\Pipeline\Pipeline->Vietiso\Core\Pipeline\{closure}()
#3 /var/www/html/core/Pipeline/Pipeline.php(29): Vietiso\Core\Middleware\TransformsRequest->handle()
#4 /var/www/html/core/Middleware/TransformsRequest.php(19): Vietiso\Core\Pipeline\Pipeline->Vietiso\Core\Pipeline\{closure}()
#5 /var/www/html/core/Pipeline/Pipeline.php(29): Vietiso\Core\Middleware\TransformsRequest->handle()
#6 /var/www/html/core/Http/Middleware/HandleException.php(17): Vietiso\Core\Pipeline\Pipeline->Vietiso\Core\Pipeline\{closure}()
#7 /var/www/html/core/Pipeline/Pipeline.php(29): Vietiso\Core\Http\Middleware\HandleException->handle()
#8 /var/www/html/core/Middleware/HandleCors.php(15): Vietiso\Core\Pipeline\Pipeline->Vietiso\Core\Pipeline\{closure}()
#9 /var/www/html/core/Pipeline/Pipeline.php(29): Vietiso\Core\Middleware\HandleCors->handle()
#10 /var/www/html/core/Middleware/TrustProxies.php(49): Vietiso\Core\Pipeline\Pipeline->Vietiso\Core\Pipeline\{closure}()
#11 /var/www/html/core/Pipeline/Pipeline.php(29): Vietiso\Core\Middleware\TrustProxies->handle()
#12 /var/www/html/core/Pipeline/Pipeline.php(81): Vietiso\Core\Pipeline\Pipeline->Vietiso\Core\Pipeline\{closure}()
#13 /var/www/html/core/Route/RouteDispacher.php(70): Vietiso\Core\Pipeline\Pipeline->then()
#14 /var/www/html/core/Server/Events/RequestEvent.php(17): Vietiso\Core\Route\RouteDispacher->handle()
#15 [internal function]: Vietiso\Core\Server\Events\RequestEvent->handle()
#16 {main}  
[2025-05-26T10:22:59.763130+00:00] vietiso.ERROR: Error: Cannot use object of type Vietiso\Core\HttpClient\Response as array in /var/www/html/modules/tour/src/Controllers/TourController.php:53
Stack trace:
#0 /var/www/html/core/Route/RouteDispacher.php(51): Vietiso\Modules\Tour\Controllers\TourController->getAllItineraries()
#1 /var/www/html/core/Pipeline/Pipeline.php(33): Vietiso\Core\Route\RouteDispacher->Vietiso\Core\Route\{closure}()
#2 /var/www/html/core/Middleware/TransformsRequest.php(19): Vietiso\Core\Pipeline\Pipeline->Vietiso\Core\Pipeline\{closure}()
#3 /var/www/html/core/Pipeline/Pipeline.php(29): Vietiso\Core\Middleware\TransformsRequest->handle()
#4 /var/www/html/core/Middleware/TransformsRequest.php(19): Vietiso\Core\Pipeline\Pipeline->Vietiso\Core\Pipeline\{closure}()
#5 /var/www/html/core/Pipeline/Pipeline.php(29): Vietiso\Core\Middleware\TransformsRequest->handle()
#6 /var/www/html/core/Http/Middleware/HandleException.php(17): Vietiso\Core\Pipeline\Pipeline->Vietiso\Core\Pipeline\{closure}()
#7 /var/www/html/core/Pipeline/Pipeline.php(29): Vietiso\Core\Http\Middleware\HandleException->handle()
#8 /var/www/html/core/Middleware/HandleCors.php(15): Vietiso\Core\Pipeline\Pipeline->Vietiso\Core\Pipeline\{closure}()
#9 /var/www/html/core/Pipeline/Pipeline.php(29): Vietiso\Core\Middleware\HandleCors->handle()
#10 /var/www/html/core/Middleware/TrustProxies.php(49): Vietiso\Core\Pipeline\Pipeline->Vietiso\Core\Pipeline\{closure}()
#11 /var/www/html/core/Pipeline/Pipeline.php(29): Vietiso\Core\Middleware\TrustProxies->handle()
#12 /var/www/html/core/Pipeline/Pipeline.php(81): Vietiso\Core\Pipeline\Pipeline->Vietiso\Core\Pipeline\{closure}()
#13 /var/www/html/core/Route/RouteDispacher.php(70): Vietiso\Core\Pipeline\Pipeline->then()
#14 /var/www/html/core/Server/Events/RequestEvent.php(17): Vietiso\Core\Route\RouteDispacher->handle()
#15 [internal function]: Vietiso\Core\Server\Events\RequestEvent->handle()
#16 {main}  
[2025-05-26T10:23:15.000318+00:00] vietiso.ERROR: Error: Cannot use object of type Vietiso\Core\HttpClient\Response as array in /var/www/html/modules/tour/src/Controllers/TourController.php:53
Stack trace:
#0 /var/www/html/core/Route/RouteDispacher.php(51): Vietiso\Modules\Tour\Controllers\TourController->getAllItineraries()
#1 /var/www/html/core/Pipeline/Pipeline.php(33): Vietiso\Core\Route\RouteDispacher->Vietiso\Core\Route\{closure}()
#2 /var/www/html/core/Middleware/TransformsRequest.php(19): Vietiso\Core\Pipeline\Pipeline->Vietiso\Core\Pipeline\{closure}()
#3 /var/www/html/core/Pipeline/Pipeline.php(29): Vietiso\Core\Middleware\TransformsRequest->handle()
#4 /var/www/html/core/Middleware/TransformsRequest.php(19): Vietiso\Core\Pipeline\Pipeline->Vietiso\Core\Pipeline\{closure}()
#5 /var/www/html/core/Pipeline/Pipeline.php(29): Vietiso\Core\Middleware\TransformsRequest->handle()
#6 /var/www/html/core/Http/Middleware/HandleException.php(17): Vietiso\Core\Pipeline\Pipeline->Vietiso\Core\Pipeline\{closure}()
#7 /var/www/html/core/Pipeline/Pipeline.php(29): Vietiso\Core\Http\Middleware\HandleException->handle()
#8 /var/www/html/core/Middleware/HandleCors.php(15): Vietiso\Core\Pipeline\Pipeline->Vietiso\Core\Pipeline\{closure}()
#9 /var/www/html/core/Pipeline/Pipeline.php(29): Vietiso\Core\Middleware\HandleCors->handle()
#10 /var/www/html/core/Middleware/TrustProxies.php(49): Vietiso\Core\Pipeline\Pipeline->Vietiso\Core\Pipeline\{closure}()
#11 /var/www/html/core/Pipeline/Pipeline.php(29): Vietiso\Core\Middleware\TrustProxies->handle()
#12 /var/www/html/core/Pipeline/Pipeline.php(81): Vietiso\Core\Pipeline\Pipeline->Vietiso\Core\Pipeline\{closure}()
#13 /var/www/html/core/Route/RouteDispacher.php(70): Vietiso\Core\Pipeline\Pipeline->then()
#14 /var/www/html/core/Server/Events/RequestEvent.php(17): Vietiso\Core\Route\RouteDispacher->handle()
#15 [internal function]: Vietiso\Core\Server\Events\RequestEvent->handle()
#16 {main}  
[2025-05-26T10:23:35.790156+00:00] vietiso.ERROR: Vietiso\Core\ErrorHandler\Exception\DumperException in /var/www/html/core/functions.php:33
Stack trace:
#0 /var/www/html/modules/tour/src/Controllers/TourController.php(53): dd()
#1 /var/www/html/core/Route/RouteDispacher.php(51): Vietiso\Modules\Tour\Controllers\TourController->getAllItineraries()
#2 /var/www/html/core/Pipeline/Pipeline.php(33): Vietiso\Core\Route\RouteDispacher->Vietiso\Core\Route\{closure}()
#3 /var/www/html/core/Middleware/TransformsRequest.php(19): Vietiso\Core\Pipeline\Pipeline->Vietiso\Core\Pipeline\{closure}()
#4 /var/www/html/core/Pipeline/Pipeline.php(29): Vietiso\Core\Middleware\TransformsRequest->handle()
#5 /var/www/html/core/Middleware/TransformsRequest.php(19): Vietiso\Core\Pipeline\Pipeline->Vietiso\Core\Pipeline\{closure}()
#6 /var/www/html/core/Pipeline/Pipeline.php(29): Vietiso\Core\Middleware\TransformsRequest->handle()
#7 /var/www/html/core/Http/Middleware/HandleException.php(17): Vietiso\Core\Pipeline\Pipeline->Vietiso\Core\Pipeline\{closure}()
#8 /var/www/html/core/Pipeline/Pipeline.php(29): Vietiso\Core\Http\Middleware\HandleException->handle()
#9 /var/www/html/core/Middleware/HandleCors.php(15): Vietiso\Core\Pipeline\Pipeline->Vietiso\Core\Pipeline\{closure}()
#10 /var/www/html/core/Pipeline/Pipeline.php(29): Vietiso\Core\Middleware\HandleCors->handle()
#11 /var/www/html/core/Middleware/TrustProxies.php(49): Vietiso\Core\Pipeline\Pipeline->Vietiso\Core\Pipeline\{closure}()
#12 /var/www/html/core/Pipeline/Pipeline.php(29): Vietiso\Core\Middleware\TrustProxies->handle()
#13 /var/www/html/core/Pipeline/Pipeline.php(81): Vietiso\Core\Pipeline\Pipeline->Vietiso\Core\Pipeline\{closure}()
#14 /var/www/html/core/Route/RouteDispacher.php(70): Vietiso\Core\Pipeline\Pipeline->then()
#15 /var/www/html/core/Server/Events/RequestEvent.php(17): Vietiso\Core\Route\RouteDispacher->handle()
#16 [internal function]: Vietiso\Core\Server\Events\RequestEvent->handle()
#17 {main}  
[2025-05-26T10:24:57.373824+00:00] vietiso.ERROR: Vietiso\Core\ErrorHandler\Exception\DumperException in /var/www/html/core/functions.php:33
Stack trace:
#0 /var/www/html/modules/tour/src/Controllers/TourController.php(53): dd()
#1 /var/www/html/core/Route/RouteDispacher.php(51): Vietiso\Modules\Tour\Controllers\TourController->getAllItineraries()
#2 /var/www/html/core/Pipeline/Pipeline.php(33): Vietiso\Core\Route\RouteDispacher->Vietiso\Core\Route\{closure}()
#3 /var/www/html/core/Middleware/TransformsRequest.php(19): Vietiso\Core\Pipeline\Pipeline->Vietiso\Core\Pipeline\{closure}()
#4 /var/www/html/core/Pipeline/Pipeline.php(29): Vietiso\Core\Middleware\TransformsRequest->handle()
#5 /var/www/html/core/Middleware/TransformsRequest.php(19): Vietiso\Core\Pipeline\Pipeline->Vietiso\Core\Pipeline\{closure}()
#6 /var/www/html/core/Pipeline/Pipeline.php(29): Vietiso\Core\Middleware\TransformsRequest->handle()
#7 /var/www/html/core/Http/Middleware/HandleException.php(17): Vietiso\Core\Pipeline\Pipeline->Vietiso\Core\Pipeline\{closure}()
#8 /var/www/html/core/Pipeline/Pipeline.php(29): Vietiso\Core\Http\Middleware\HandleException->handle()
#9 /var/www/html/core/Middleware/HandleCors.php(15): Vietiso\Core\Pipeline\Pipeline->Vietiso\Core\Pipeline\{closure}()
#10 /var/www/html/core/Pipeline/Pipeline.php(29): Vietiso\Core\Middleware\HandleCors->handle()
#11 /var/www/html/core/Middleware/TrustProxies.php(49): Vietiso\Core\Pipeline\Pipeline->Vietiso\Core\Pipeline\{closure}()
#12 /var/www/html/core/Pipeline/Pipeline.php(29): Vietiso\Core\Middleware\TrustProxies->handle()
#13 /var/www/html/core/Pipeline/Pipeline.php(81): Vietiso\Core\Pipeline\Pipeline->Vietiso\Core\Pipeline\{closure}()
#14 /var/www/html/core/Route/RouteDispacher.php(70): Vietiso\Core\Pipeline\Pipeline->then()
#15 /var/www/html/core/Server/Events/RequestEvent.php(17): Vietiso\Core\Route\RouteDispacher->handle()
#16 [internal function]: Vietiso\Core\Server\Events\RequestEvent->handle()
#17 {main}  
